DateTime,Room Name,Actual
2022-08-29 11:00:00,CB06.03.056,0.0
2022-08-29 11:30:00,CB06.03.056,0.0
2022-08-29 13:30:00,CB06.03.056,12.0
2022-08-29 14:00:00,CB06.03.056,64.0
2022-08-29 14:30:00,CB06.03.056,68.0
2022-08-29 15:00:00,CB06.03.056,76.0
2022-08-29 15:30:00,CB06.03.056,41.0
2022-08-29 16:00:00,CB06.03.056,19.0
2022-08-29 16:30:00,CB06.03.056,5.0
2022-08-29 17:00:00,CB06.03.056,0.0
2022-08-29 17:30:00,CB06.03.056,21.0
2022-08-29 18:00:00,CB06.03.056,82.0
2022-08-29 18:30:00,CB06.03.056,82.0
2022-08-29 19:00:00,CB06.03.056,80.0
2022-08-29 19:30:00,CB06.03.056,73.0
2022-08-29 20:00:00,CB06.03.056,0.0
2022-08-29 20:30:00,CB06.03.056,0.0
2022-08-30 09:00:00,CB06.03.056,25.0
2022-08-30 09:30:00,CB06.03.056,28.0
2022-08-30 10:00:00,CB06.03.056,31.0
2022-08-30 10:30:00,CB06.03.056,31.0
2022-08-30 12:00:00,CB06.03.056,4.0
2022-08-30 12:30:00,CB06.03.056,4.0
2022-08-30 13:00:00,CB06.03.056,31.0
2022-08-30 13:30:00,CB06.03.056,36.0
2022-08-30 14:00:00,CB06.03.056,36.0
2022-08-30 14:30:00,CB06.03.056,38.0
2022-08-31 09:00:00,CB06.03.056,0.0
2022-08-31 09:30:00,CB06.03.056,0.0
2022-08-31 13:00:00,CB06.03.056,51.0
2022-08-31 13:30:00,CB06.03.056,53.0
2022-08-31 14:00:00,CB06.03.056,35.0
2022-08-31 17:30:00,CB06.03.056,8.0
2022-08-31 18:00:00,CB06.03.056,37.0
2022-08-31 18:30:00,CB06.03.056,44.0
2022-08-31 19:00:00,CB06.03.056,43.0
2022-08-31 19:30:00,CB06.03.056,44.0
2022-08-31 20:00:00,CB06.03.056,44.0
2022-08-31 20:30:00,CB06.03.056,4.0
2022-09-01 09:30:00,CB06.03.056,0.0
2022-09-01 10:00:00,CB06.03.056,0.0
2022-09-01 10:30:00,CB06.03.056,0.0
2022-09-01 11:00:00,CB06.03.056,0.0
2022-09-01 11:30:00,CB06.03.056,0.0
2022-09-01 12:00:00,CB06.03.056,0.0
2022-09-01 12:30:00,CB06.03.056,4.0
2022-09-01 13:00:00,CB06.03.056,29.0
2022-09-01 13:30:00,CB06.03.056,28.0
2022-09-01 14:00:00,CB06.03.056,29.0
2022-09-01 15:30:00,CB06.03.056,10.0
2022-09-01 16:00:00,CB06.03.056,25.0
2022-09-01 16:30:00,CB06.03.056,26.0
2022-09-01 17:00:00,CB06.03.056,26.0
2022-09-01 17:30:00,CB06.03.056,7.0
2022-09-01 18:00:00,CB06.03.056,30.0
2022-09-01 18:30:00,CB06.03.056,31.0
2022-09-01 19:00:00,CB06.03.056,31.0
2022-09-01 19:30:00,CB06.03.056,31.0
2022-09-01 20:00:00,CB06.03.056,22.0
2022-09-01 20:30:00,CB06.03.056,21.0
2022-09-02 09:00:00,CB06.03.056,0.0
2022-09-02 09:30:00,CB06.03.056,0.0
2022-09-02 14:00:00,CB06.03.056,17.0
2022-09-02 14:30:00,CB06.03.056,18.0
2022-09-02 15:00:00,CB06.03.056,17.0
2022-09-02 15:30:00,CB06.03.056,0.0
2022-09-02 17:00:00,CB06.03.056,3.0
2022-09-02 18:00:00,CB06.03.056,0.0
2022-09-02 18:30:00,CB06.03.056,0.0
2022-09-02 19:00:00,CB06.03.056,0.0
2022-09-02 19:30:00,CB06.03.056,0.0
2022-09-02 20:00:00,CB06.03.056,0.0
2022-09-02 20:30:00,CB06.03.056,0.0
2022-09-03 08:30:00,CB06.03.056,7.0
2022-09-03 09:00:00,CB06.03.056,33.0
2022-09-03 09:30:00,CB06.03.056,42.0
2022-09-03 10:00:00,CB06.03.056,46.0
2022-09-03 10:30:00,CB06.03.056,20.0
2022-09-03 11:00:00,CB06.03.056,28.0
2022-09-03 11:30:00,CB06.03.056,28.0
2022-09-03 12:00:00,CB06.03.056,0.0
2022-09-03 12:30:00,CB06.03.056,46.0
2022-09-03 13:00:00,CB06.03.056,48.0
2022-09-03 13:30:00,CB06.03.056,47.0
2022-09-03 14:00:00,CB06.03.056,50.0
2022-09-03 14:30:00,CB06.03.056,48.0
2022-09-03 15:00:00,CB06.03.056,46.0
2022-09-03 15:30:00,CB06.03.056,46.0
2022-09-03 16:00:00,CB06.03.056,24.0
2022-09-03 16:30:00,CB06.03.056,0.0
2022-09-05 11:00:00,CB06.03.056,0.0
2022-09-05 11:30:00,CB06.03.056,0.0
2022-09-05 12:30:00,CB06.03.056,8.0
2022-09-05 13:00:00,CB06.03.056,58.0
2022-09-05 13:30:00,CB06.03.056,59.0
2022-09-05 14:00:00,CB06.03.056,23.0
2022-09-05 14:30:00,CB06.03.056,33.0
2022-09-05 15:00:00,CB06.03.056,38.0
2022-09-05 15:30:00,CB06.03.056,37.0
2022-09-05 16:00:00,CB06.03.056,30.0
2022-09-05 16:30:00,CB06.03.056,37.0
2022-09-05 17:00:00,CB06.03.056,31.0
2022-09-05 17:30:00,CB06.03.056,3.0
2022-09-05 18:00:00,CB06.03.056,60.0
2022-09-05 18:30:00,CB06.03.056,55.0
2022-09-05 19:00:00,CB06.03.056,53.0
2022-09-05 19:30:00,CB06.03.056,0.0
2022-09-05 20:00:00,CB06.03.056,0.0
2022-09-05 20:30:00,CB06.03.056,0.0
2022-09-06 09:00:00,CB06.03.056,19.0
2022-09-06 09:30:00,CB06.03.056,20.0
2022-09-06 10:00:00,CB06.03.056,33.0
2022-09-06 10:30:00,CB06.03.056,35.0
2022-09-06 11:00:00,CB06.03.056,34.0
2022-09-06 11:30:00,CB06.03.056,5.0
2022-09-06 12:00:00,CB06.03.056,31.0
2022-09-06 12:30:00,CB06.03.056,31.0
2022-09-06 13:00:00,CB06.03.056,0.0
2022-09-06 13:30:00,CB06.03.056,0.0
2022-09-06 16:00:00,CB06.03.056,0.0
2022-09-06 16:30:00,CB06.03.056,0.0
2022-09-06 17:00:00,CB06.03.056,0.0
2022-09-06 17:30:00,CB06.03.056,24.0
2022-09-06 18:00:00,CB06.03.056,26.0
2022-09-06 18:30:00,CB06.03.056,23.0
2022-09-06 19:00:00,CB06.03.056,23.0
2022-09-06 19:30:00,CB06.03.056,15.0
2022-09-07 09:00:00,CB06.03.056,0.0
2022-09-07 09:30:00,CB06.03.056,0.0
2022-09-07 13:00:00,CB06.03.056,41.0
2022-09-07 13:30:00,CB06.03.056,38.0
2022-09-07 14:00:00,CB06.03.056,41.0
2022-09-07 17:30:00,CB06.03.056,8.0
2022-09-07 18:00:00,CB06.03.056,42.0
2022-09-07 18:30:00,CB06.03.056,45.0
2022-09-07 19:00:00,CB06.03.056,45.0
2022-09-07 19:30:00,CB06.03.056,43.0
2022-09-07 20:00:00,CB06.03.056,43.0
2022-09-07 20:30:00,CB06.03.056,42.0
2022-09-07 21:00:00,CB06.03.056,22.0
2022-09-08 09:30:00,CB06.03.056,21.0
2022-09-08 10:00:00,CB06.03.056,26.0
2022-09-08 10:30:00,CB06.03.056,26.0
2022-09-08 13:00:00,CB06.03.056,23.0
2022-09-08 13:30:00,CB06.03.056,23.0
2022-09-08 14:00:00,CB06.03.056,22.0
2022-09-08 15:00:00,CB06.03.056,0.0
2022-09-08 15:30:00,CB06.03.056,3.0
2022-09-08 16:00:00,CB06.03.056,21.0
2022-09-08 16:30:00,CB06.03.056,21.0
2022-09-08 17:00:00,CB06.03.056,0.0
2022-09-08 17:30:00,CB06.03.056,0.0
2022-09-09 09:00:00,CB06.03.056,25.0
2022-09-09 09:30:00,CB06.03.056,25.0
2022-09-09 10:00:00,CB06.03.056,26.0
2022-09-09 10:30:00,CB06.03.056,31.0
2022-09-09 11:00:00,CB06.03.056,35.0
2022-09-09 11:30:00,CB06.03.056,33.0
2022-09-09 12:00:00,CB06.03.056,22.0
2022-09-09 12:30:00,CB06.03.056,17.0
2022-09-09 13:30:00,CB06.03.056,3.0
2022-09-12 13:30:00,CB06.03.056,12.0
2022-09-12 14:00:00,CB06.03.056,50.0
2022-09-12 14:30:00,CB06.03.056,50.0
2022-09-12 15:00:00,CB06.03.056,82.0
2022-09-12 15:30:00,CB06.03.056,79.0
2022-09-12 16:00:00,CB06.03.056,80.0
2022-09-12 16:30:00,CB06.03.056,84.0
2022-09-12 17:00:00,CB06.03.056,0.0
2022-09-13 09:00:00,CB06.03.056,22.0
2022-09-13 09:30:00,CB06.03.056,24.0
2022-09-13 10:00:00,CB06.03.056,34.0
2022-09-13 10:30:00,CB06.03.056,34.0
2022-09-13 13:00:00,CB06.03.056,0.0
2022-09-13 13:30:00,CB06.03.056,0.0
2022-09-13 14:00:00,CB06.03.056,37.0
2022-09-13 14:30:00,CB06.03.056,38.0
2022-09-13 15:00:00,CB06.03.056,39.0
2022-09-14 13:00:00,CB06.03.056,32.0
2022-09-14 13:30:00,CB06.03.056,33.0
2022-09-14 14:00:00,CB06.03.056,25.0
2022-09-15 09:30:00,CB06.03.056,21.0
2022-09-15 10:00:00,CB06.03.056,23.0
2022-09-15 10:30:00,CB06.03.056,23.0
2022-09-15 11:30:00,CB06.03.056,5.0
2022-09-15 12:00:00,CB06.03.056,7.0
2022-09-15 13:00:00,CB06.03.056,17.0
2022-09-15 13:30:00,CB06.03.056,19.0
2022-09-15 14:00:00,CB06.03.056,18.0
2022-09-15 15:30:00,CB06.03.056,9.0
2022-09-15 16:00:00,CB06.03.056,30.0
2022-09-15 16:30:00,CB06.03.056,30.0
2022-09-15 17:00:00,CB06.03.056,28.0
2022-09-15 17:30:00,CB06.03.056,28.0
2022-09-16 09:00:00,CB06.03.056,0.0
2022-09-16 09:30:00,CB06.03.056,0.0
2022-09-16 11:00:00,CB06.03.056,36.0
2022-09-16 11:30:00,CB06.03.056,36.0
2022-09-19 12:30:00,CB06.03.056,3.0
2022-09-19 13:00:00,CB06.03.056,48.0
2022-09-19 13:30:00,CB06.03.056,46.0
2022-09-19 14:00:00,CB06.03.056,42.0
2022-09-19 14:30:00,CB06.03.056,47.0
2022-09-19 15:00:00,CB06.03.056,66.0
2022-09-19 15:30:00,CB06.03.056,67.0
2022-09-19 16:00:00,CB06.03.056,33.0
2022-09-19 16:30:00,CB06.03.056,27.0
2022-09-19 17:00:00,CB06.03.056,0.0
2022-09-20 13:00:00,CB06.03.056,24.0
2022-09-20 13:30:00,CB06.03.056,29.0
2022-09-20 14:00:00,CB06.03.056,20.0
2022-09-20 14:30:00,CB06.03.056,24.0
2022-09-20 15:00:00,CB06.03.056,26.0
2022-09-20 15:30:00,CB06.03.056,25.0
2022-09-21 13:00:00,CB06.03.056,25.0
2022-09-21 13:30:00,CB06.03.056,21.0
2022-09-21 14:00:00,CB06.03.056,20.0
2022-09-21 17:00:00,CB06.03.056,3.0
2022-09-21 17:30:00,CB06.03.056,12.0
2022-09-21 18:00:00,CB06.03.056,53.0
2022-09-21 18:30:00,CB06.03.056,58.0
2022-09-21 19:00:00,CB06.03.056,58.0
2022-09-21 19:30:00,CB06.03.056,56.0
2022-09-21 20:00:00,CB06.03.056,18.0
2022-09-21 20:30:00,CB06.03.056,18.0
2022-09-22 09:30:00,CB06.03.056,0.0
2022-09-22 10:00:00,CB06.03.056,0.0
2022-09-22 10:30:00,CB06.03.056,0.0
2022-09-22 16:00:00,CB06.03.056,0.0
2022-09-22 16:30:00,CB06.03.056,0.0
2022-09-22 17:00:00,CB06.03.056,0.0
2022-09-22 17:30:00,CB06.03.056,0.0
2022-09-23 09:00:00,CB06.03.056,0.0
2022-09-23 09:30:00,CB06.03.056,0.0
2022-09-23 10:00:00,CB06.03.056,65.0
2022-09-23 10:30:00,CB06.03.056,84.0
2022-09-23 11:00:00,CB06.03.056,83.0
2022-09-23 11:30:00,CB06.03.056,51.0
2022-09-23 12:00:00,CB06.03.056,0.0
2022-09-23 12:30:00,CB06.03.056,0.0
2022-09-26 11:00:00,CB06.03.056,0.0
2022-09-26 11:30:00,CB06.03.056,0.0
2022-09-26 14:00:00,CB06.03.056,0.0
2022-09-26 14:30:00,CB06.03.056,0.0
2022-09-26 15:00:00,CB06.03.056,0.0
2022-09-26 15:30:00,CB06.03.056,0.0
2022-09-26 16:00:00,CB06.03.056,0.0
2022-09-26 16:30:00,CB06.03.056,0.0
2022-09-26 17:00:00,CB06.03.056,0.0
2022-09-27 08:30:00,CB06.03.056,3.0
2022-09-29 12:00:00,CB06.03.056,3.0
2022-09-29 12:30:00,CB06.03.056,3.0
2022-09-29 13:00:00,CB06.03.056,12.0
2022-09-29 13:30:00,CB06.03.056,12.0
2022-09-29 14:00:00,CB06.03.056,12.0
2022-09-29 14:30:00,CB06.03.056,4.0
2022-09-29 15:00:00,CB06.03.056,4.0
2022-10-03 09:30:00,CB06.03.056,3.0
2022-10-03 11:00:00,CB06.03.056,4.0
2022-10-03 11:30:00,CB06.03.056,4.0
2022-10-03 12:00:00,CB06.03.056,4.0
2022-10-03 12:30:00,CB06.03.056,4.0
2022-10-03 13:00:00,CB06.03.056,4.0
2022-10-03 13:30:00,CB06.03.056,4.0
2022-10-03 14:00:00,CB06.03.056,4.0
2022-10-03 14:30:00,CB06.03.056,4.0
2022-10-03 15:00:00,CB06.03.056,4.0
2022-10-03 15:30:00,CB06.03.056,4.0
2022-10-03 16:00:00,CB06.03.056,4.0
2022-10-03 16:30:00,CB06.03.056,4.0
2022-10-03 17:00:00,CB06.03.056,4.0
2022-10-03 17:30:00,CB06.03.056,4.0
2022-10-03 18:00:00,CB06.03.056,4.0
2022-10-03 18:30:00,CB06.03.056,4.0
2022-10-03 19:00:00,CB06.03.056,4.0
2022-10-03 19:30:00,CB06.03.056,4.0
2022-10-03 20:00:00,CB06.03.056,4.0
2022-10-03 20:30:00,CB06.03.056,4.0
2022-10-03 21:00:00,CB06.03.056,4.0
2022-10-03 21:30:00,CB06.03.056,4.0
2022-10-03 22:00:00,CB06.03.056,4.0
2022-10-03 22:30:00,CB06.03.056,4.0
2022-10-03 23:00:00,CB06.03.056,4.0
2022-10-03 23:30:00,CB06.03.056,4.0
2022-10-04 13:00:00,CB06.03.056,30.0
2022-10-04 13:30:00,CB06.03.056,0.0
2022-10-05 13:00:00,CB06.03.056,26.0
2022-10-05 13:30:00,CB06.03.056,27.0
2022-10-05 14:00:00,CB06.03.056,27.0
2022-10-05 17:00:00,CB06.03.056,3.0
2022-10-05 17:30:00,CB06.03.056,5.0
2022-10-05 18:00:00,CB06.03.056,23.0
2022-10-05 18:30:00,CB06.03.056,30.0
2022-10-05 19:00:00,CB06.03.056,31.0
2022-10-05 19:30:00,CB06.03.056,30.0
2022-10-05 20:00:00,CB06.03.056,30.0
2022-10-05 20:30:00,CB06.03.056,28.0
2022-10-05 21:00:00,CB06.03.056,5.0
2022-10-06 09:30:00,CB06.03.056,21.0
2022-10-06 10:00:00,CB06.03.056,22.0
2022-10-06 10:30:00,CB06.03.056,22.0
2022-10-06 13:00:00,CB06.03.056,18.0
2022-10-06 13:30:00,CB06.03.056,20.0
2022-10-06 14:00:00,CB06.03.056,19.0
2022-10-06 14:30:00,CB06.03.056,5.0
2022-10-06 15:00:00,CB06.03.056,5.0
2022-10-06 16:00:00,CB06.03.056,6.0
2022-10-06 16:30:00,CB06.03.056,9.0
2022-10-06 17:00:00,CB06.03.056,56.0
2022-10-06 17:30:00,CB06.03.056,59.0
2022-10-06 18:00:00,CB06.03.056,13.0
2022-10-06 18:30:00,CB06.03.056,18.0
2022-10-06 19:00:00,CB06.03.056,21.0
2022-10-06 19:30:00,CB06.03.056,5.0
2022-10-06 20:00:00,CB06.03.056,0.0
2022-10-06 20:30:00,CB06.03.056,0.0
2022-10-07 09:00:00,CB06.03.056,0.0
2022-10-07 09:30:00,CB06.03.056,0.0
2022-10-07 13:00:00,CB06.03.056,5.0
2022-10-07 14:00:00,CB06.03.056,3.0
2022-10-07 14:30:00,CB06.03.056,3.0
2022-10-07 15:00:00,CB06.03.056,3.0
2022-10-07 15:30:00,CB06.03.056,3.0
2022-10-07 16:00:00,CB06.03.056,3.0
2022-10-07 16:30:00,CB06.03.056,3.0
2022-10-07 17:00:00,CB06.03.056,3.0
2022-10-07 17:30:00,CB06.03.056,3.0
2022-10-07 18:00:00,CB06.03.056,3.0
2022-10-07 18:30:00,CB06.03.056,3.0
2022-10-07 19:00:00,CB06.03.056,3.0
2022-10-07 19:30:00,CB06.03.056,3.0
2022-10-07 20:00:00,CB06.03.056,3.0
2022-10-07 20:30:00,CB06.03.056,3.0
2022-10-07 21:00:00,CB06.03.056,3.0
2022-10-07 21:30:00,CB06.03.056,3.0
2022-10-07 22:00:00,CB06.03.056,3.0
2022-10-07 22:30:00,CB06.03.056,3.0
2022-10-07 23:00:00,CB06.03.056,3.0
2022-10-07 23:30:00,CB06.03.056,3.0
2022-10-08 08:00:00,CB06.03.056,3.0
2022-10-08 08:30:00,CB06.03.056,4.0
2022-10-08 09:00:00,CB06.03.056,36.0
2022-10-08 09:30:00,CB06.03.056,43.0
2022-10-08 10:00:00,CB06.03.056,43.0
2022-10-08 10:30:00,CB06.03.056,28.0
2022-10-08 11:00:00,CB06.03.056,30.0
2022-10-08 11:30:00,CB06.03.056,7.0
2022-10-08 12:00:00,CB06.03.056,0.0
2022-10-08 12:30:00,CB06.03.056,12.0
2022-10-08 13:00:00,CB06.03.056,39.0
2022-10-08 13:30:00,CB06.03.056,39.0
2022-10-08 14:00:00,CB06.03.056,39.0
2022-10-08 14:30:00,CB06.03.056,3.0
2022-10-08 15:00:00,CB06.03.056,0.0
2022-10-08 15:30:00,CB06.03.056,0.0
2022-10-08 16:00:00,CB06.03.056,0.0
2022-10-08 16:30:00,CB06.03.056,0.0
2022-10-10 11:00:00,CB06.03.056,0.0
2022-10-10 11:30:00,CB06.03.056,3.0
2022-10-10 12:00:00,CB06.03.056,3.0
2022-10-10 12:30:00,CB06.03.056,3.0
2022-10-10 14:00:00,CB06.03.056,12.0
2022-10-10 14:30:00,CB06.03.056,21.0
2022-10-10 15:00:00,CB06.03.056,23.0
2022-10-10 15:30:00,CB06.03.056,22.0
2022-10-10 16:00:00,CB06.03.056,41.0
2022-10-10 16:30:00,CB06.03.056,42.0
2022-10-10 17:00:00,CB06.03.056,35.0
2022-10-10 17:30:00,CB06.03.056,7.0
2022-10-11 13:00:00,CB06.03.056,0.0
2022-10-11 13:30:00,CB06.03.056,0.0
2022-10-12 09:00:00,CB06.03.056,0.0
2022-10-12 09:30:00,CB06.03.056,0.0
2022-10-12 10:00:00,CB06.03.056,0.0
2022-10-12 10:30:00,CB06.03.056,0.0
2022-10-12 11:00:00,CB06.03.056,0.0
2022-10-12 11:30:00,CB06.03.056,0.0
2022-10-12 12:00:00,CB06.03.056,0.0
2022-10-12 13:00:00,CB06.03.056,20.0
2022-10-12 13:30:00,CB06.03.056,22.0
2022-10-12 14:00:00,CB06.03.056,17.0
2022-10-12 17:00:00,CB06.03.056,3.0
2022-10-12 17:30:00,CB06.03.056,3.0
2022-10-13 09:30:00,CB06.03.056,20.0
2022-10-13 10:00:00,CB06.03.056,21.0
2022-10-13 10:30:00,CB06.03.056,20.0
2022-10-13 13:00:00,CB06.03.056,25.0
2022-10-13 13:30:00,CB06.03.056,26.0
2022-10-13 14:00:00,CB06.03.056,12.0
2022-10-13 14:30:00,CB06.03.056,9.0
2022-10-13 15:00:00,CB06.03.056,74.0
2022-10-13 15:30:00,CB06.03.056,71.0
2022-10-13 17:00:00,CB06.03.056,48.0
2022-10-13 17:30:00,CB06.03.056,50.0
2022-10-13 18:00:00,CB06.03.056,21.0
2022-10-14 09:00:00,CB06.03.056,25.0
2022-10-14 09:30:00,CB06.03.056,31.0
2022-10-17 10:30:00,CB06.03.056,6.0
2022-10-17 11:00:00,CB06.03.056,6.0
2022-10-17 11:30:00,CB06.03.056,0.0
2022-10-17 12:00:00,CB06.03.056,6.0
2022-10-17 12:30:00,CB06.03.056,11.0
2022-10-17 13:00:00,CB06.03.056,54.0
2022-10-17 13:30:00,CB06.03.056,54.0
2022-10-17 14:00:00,CB06.03.056,23.0
2022-10-17 14:30:00,CB06.03.056,22.0
2022-10-17 15:00:00,CB06.03.056,68.0
2022-10-17 15:30:00,CB06.03.056,62.0
2022-10-17 16:00:00,CB06.03.056,46.0
2022-10-17 16:30:00,CB06.03.056,25.0
2022-10-17 17:00:00,CB06.03.056,0.0
2022-10-17 18:00:00,CB06.03.056,52.0
2022-10-17 18:30:00,CB06.03.056,53.0
2022-10-17 19:00:00,CB06.03.056,53.0
2022-10-17 19:30:00,CB06.03.056,0.0
2022-10-17 20:00:00,CB06.03.056,0.0
2022-10-17 20:30:00,CB06.03.056,0.0
2022-10-18 11:00:00,CB06.03.056,6.0
2022-10-18 11:30:00,CB06.03.056,5.0
2022-10-18 12:00:00,CB06.03.056,6.0
2022-10-18 13:00:00,CB06.03.056,0.0
2022-10-18 13:30:00,CB06.03.056,0.0
2022-10-18 17:00:00,CB06.03.056,0.0
2022-10-18 17:30:00,CB06.03.056,5.0
2022-10-18 18:00:00,CB06.03.056,9.0
2022-10-18 18:30:00,CB06.03.056,5.0
2022-10-18 19:00:00,CB06.03.056,6.0
2022-10-18 19:30:00,CB06.03.056,0.0
2022-10-18 20:00:00,CB06.03.056,0.0
2022-10-19 10:00:00,CB06.03.056,20.0
2022-10-19 10:30:00,CB06.03.056,21.0
2022-10-19 11:00:00,CB06.03.056,25.0
2022-10-19 11:30:00,CB06.03.056,24.0
2022-10-19 12:00:00,CB06.03.056,12.0
2022-10-19 13:00:00,CB06.03.056,27.0
2022-10-19 13:30:00,CB06.03.056,27.0
2022-10-19 14:00:00,CB06.03.056,27.0
2022-10-19 14:30:00,CB06.03.056,23.0
2022-10-19 15:00:00,CB06.03.056,24.0
2022-10-19 15:30:00,CB06.03.056,19.0
2022-10-19 16:00:00,CB06.03.056,0.0
2022-10-20 09:30:00,CB06.03.056,13.0
2022-10-20 10:00:00,CB06.03.056,14.0
2022-10-20 10:30:00,CB06.03.056,17.0
2022-10-20 12:30:00,CB06.03.056,3.0
2022-10-20 13:00:00,CB06.03.056,16.0
2022-10-20 13:30:00,CB06.03.056,16.0
2022-10-20 14:00:00,CB06.03.056,14.0
2022-10-20 15:00:00,CB06.03.056,86.0
2022-10-20 15:30:00,CB06.03.056,3.0
2022-10-20 18:00:00,CB06.03.056,0.0
2022-10-20 18:30:00,CB06.03.056,0.0
2022-10-20 19:00:00,CB06.03.056,0.0
2022-10-20 19:30:00,CB06.03.056,0.0
2022-10-20 20:00:00,CB06.03.056,0.0
2022-10-20 20:30:00,CB06.03.056,0.0
2022-10-21 09:00:00,CB06.03.056,32.0
2022-10-21 09:30:00,CB06.03.056,32.0
2022-10-21 10:00:00,CB06.03.056,34.0
2022-10-21 10:30:00,CB06.03.056,31.0
2022-10-21 11:00:00,CB06.03.056,24.0
2022-10-21 11:30:00,CB06.03.056,30.0
2022-10-21 12:00:00,CB06.03.056,28.0
2022-10-21 12:30:00,CB06.03.056,28.0
2022-10-21 13:00:00,CB06.03.056,8.0
2022-10-21 13:30:00,CB06.03.056,5.0
2022-10-21 14:00:00,CB06.03.056,5.0
2022-10-24 11:00:00,CB06.03.056,0.0
2022-10-24 11:30:00,CB06.03.056,0.0
2022-10-24 12:30:00,CB06.03.056,8.0
2022-10-24 13:00:00,CB06.03.056,15.0
2022-10-24 13:30:00,CB06.03.056,12.0
2022-10-24 14:00:00,CB06.03.056,64.0
2022-10-24 14:30:00,CB06.03.056,59.0
2022-10-24 15:00:00,CB06.03.056,56.0
2022-10-24 15:30:00,CB06.03.056,41.0
2022-10-24 16:00:00,CB06.03.056,36.0
2022-10-24 16:30:00,CB06.03.056,23.0
2022-10-24 17:00:00,CB06.03.056,12.0
2022-10-24 18:00:00,CB06.03.056,0.0
2022-10-24 18:30:00,CB06.03.056,0.0
2022-10-24 19:00:00,CB06.03.056,0.0
2022-10-24 19:30:00,CB06.03.056,0.0
2022-10-24 20:00:00,CB06.03.056,0.0
2022-10-24 20:30:00,CB06.03.056,0.0
2022-10-25 09:00:00,CB06.03.056,36.0
2022-10-25 09:30:00,CB06.03.056,47.0
2022-10-25 10:00:00,CB06.03.056,47.0
2022-10-25 10:30:00,CB06.03.056,0.0
2022-10-25 13:00:00,CB06.03.056,0.0
2022-10-25 13:30:00,CB06.03.056,0.0
2022-10-25 14:00:00,CB06.03.056,0.0
2022-10-25 14:30:00,CB06.03.056,0.0
2022-10-26 13:00:00,CB06.03.056,0.0
2022-10-26 13:30:00,CB06.03.056,0.0
2022-10-26 14:00:00,CB06.03.056,0.0
2022-10-26 17:00:00,CB06.03.056,3.0
2022-10-26 17:30:00,CB06.03.056,8.0
2022-10-26 18:00:00,CB06.03.056,30.0
2022-10-26 18:30:00,CB06.03.056,31.0
2022-10-26 19:00:00,CB06.03.056,26.0
2022-10-26 19:30:00,CB06.03.056,29.0
2022-10-26 20:00:00,CB06.03.056,28.0
2022-10-26 20:30:00,CB06.03.056,11.0
2022-10-27 09:00:00,CB06.03.056,11.0
2022-10-27 09:30:00,CB06.03.056,12.0
2022-10-27 10:00:00,CB06.03.056,14.0
2022-10-27 10:30:00,CB06.03.056,14.0
2022-10-27 11:00:00,CB06.03.056,0.0
2022-10-27 12:00:00,CB06.03.056,34.0
2022-10-27 12:30:00,CB06.03.056,36.0
2022-10-27 13:00:00,CB06.03.056,6.0
2022-10-27 13:30:00,CB06.03.056,6.0
2022-10-27 14:00:00,CB06.03.056,7.0
2022-10-27 14:30:00,CB06.03.056,31.0
2022-10-27 15:00:00,CB06.03.056,32.0
2022-10-27 15:30:00,CB06.03.056,29.0
2022-10-27 16:00:00,CB06.03.056,33.0
2022-10-27 16:30:00,CB06.03.056,32.0
2022-10-27 17:00:00,CB06.03.056,23.0
2022-10-27 17:30:00,CB06.03.056,19.0
2022-10-27 18:00:00,CB06.03.056,19.0
2022-10-27 18:30:00,CB06.03.056,18.0
2022-10-27 19:00:00,CB06.03.056,18.0
2022-10-27 19:30:00,CB06.03.056,13.0
2022-10-28 09:00:00,CB06.03.056,0.0
2022-10-28 09:30:00,CB06.03.056,0.0
2022-10-28 15:30:00,CB06.03.056,3.0
2022-10-28 16:30:00,CB06.03.056,4.0
2022-10-28 17:00:00,CB06.03.056,3.0
2022-10-29 09:00:00,CB06.03.056,0.0
2022-10-29 09:30:00,CB06.03.056,0.0
2022-10-29 10:00:00,CB06.03.056,33.0
2022-10-29 10:30:00,CB06.03.056,0.0
2022-10-29 11:00:00,CB06.03.056,0.0
2022-10-29 11:30:00,CB06.03.056,0.0
2022-10-29 12:00:00,CB06.03.056,0.0
2022-10-29 12:30:00,CB06.03.056,0.0
2022-10-29 13:00:00,CB06.03.056,0.0
2022-10-29 13:30:00,CB06.03.056,0.0
2022-10-29 14:00:00,CB06.03.056,0.0
2022-10-29 14:30:00,CB06.03.056,0.0
2022-10-29 15:00:00,CB06.03.056,0.0
2022-10-29 15:30:00,CB06.03.056,0.0
2022-10-29 16:00:00,CB06.03.056,0.0
2022-10-29 16:30:00,CB06.03.056,0.0
2022-10-31 11:00:00,CB06.03.056,0.0
2022-10-31 11:30:00,CB06.03.056,0.0
2022-10-31 13:00:00,CB06.03.056,9.0
2022-10-31 13:30:00,CB06.03.056,9.0
2022-10-31 14:00:00,CB06.03.056,8.0
2022-10-31 14:30:00,CB06.03.056,0.0
2022-10-31 15:00:00,CB06.03.056,3.0
2022-10-31 15:30:00,CB06.03.056,0.0
2022-11-07 09:00:00,CB06.03.056,0.0
2022-11-07 09:30:00,CB06.03.056,0.0
2022-11-07 10:00:00,CB06.03.056,8.0
2022-11-07 10:30:00,CB06.03.056,9.0
2022-11-07 11:00:00,CB06.03.056,9.0
2022-11-07 11:30:00,CB06.03.056,7.0
2022-11-07 12:00:00,CB06.03.056,9.0
2022-11-07 12:30:00,CB06.03.056,6.0
2022-11-07 13:00:00,CB06.03.056,3.0
2022-11-07 13:30:00,CB06.03.056,3.0
2022-11-07 14:00:00,CB06.03.056,3.0
2022-11-07 14:30:00,CB06.03.056,8.0
2022-11-07 15:00:00,CB06.03.056,6.0
2022-11-07 15:30:00,CB06.03.056,7.0
2022-11-07 16:00:00,CB06.03.056,0.0
2022-11-07 16:30:00,CB06.03.056,0.0
2022-11-08 09:00:00,CB06.03.056,0.0
2022-11-08 09:30:00,CB06.03.056,0.0
2022-11-08 10:00:00,CB06.03.056,9.0
2022-11-08 10:30:00,CB06.03.056,6.0
2022-11-08 11:00:00,CB06.03.056,11.0
2022-11-08 11:30:00,CB06.03.056,12.0
2022-11-08 12:00:00,CB06.03.056,7.0
2022-11-08 12:30:00,CB06.03.056,5.0
2022-11-08 13:00:00,CB06.03.056,5.0
2022-11-08 13:30:00,CB06.03.056,0.0
2022-11-08 14:00:00,CB06.03.056,16.0
2022-11-08 14:30:00,CB06.03.056,13.0
2022-11-08 15:00:00,CB06.03.056,12.0
2022-11-08 15:30:00,CB06.03.056,12.0
2022-11-08 16:00:00,CB06.03.056,9.0
2022-11-08 16:30:00,CB06.03.056,0.0
2022-11-21 08:00:00,CB06.03.056,0.0
2022-11-21 08:30:00,CB06.03.056,0.0
2022-11-21 09:00:00,CB06.03.056,3.0
2022-11-21 09:30:00,CB06.03.056,39.0
2022-11-21 10:00:00,CB06.03.056,65.0
2022-11-21 10:30:00,CB06.03.056,65.0
2022-11-21 11:00:00,CB06.03.056,16.0
2022-11-21 11:30:00,CB06.03.056,18.0
2022-11-21 12:00:00,CB06.03.056,5.0
2022-11-21 12:30:00,CB06.03.056,5.0
2022-11-21 13:00:00,CB06.03.056,7.0
2022-11-21 13:30:00,CB06.03.056,41.0
2022-11-21 14:00:00,CB06.03.056,67.0
2022-11-21 14:30:00,CB06.03.056,67.0
2022-11-21 15:00:00,CB06.03.056,61.0
2022-11-21 15:30:00,CB06.03.056,65.0
2022-11-21 16:00:00,CB06.03.056,0.0
2022-11-21 16:30:00,CB06.03.056,0.0
2022-11-22 08:00:00,CB06.03.056,0.0
2022-11-22 08:30:00,CB06.03.056,0.0
2022-11-22 09:00:00,CB06.03.056,0.0
2022-11-22 09:30:00,CB06.03.056,9.0
2022-11-22 10:00:00,CB06.03.056,59.0
2022-11-22 10:30:00,CB06.03.056,60.0
2022-11-22 11:00:00,CB06.03.056,41.0
2022-11-22 11:30:00,CB06.03.056,46.0
2022-11-22 12:00:00,CB06.03.056,0.0
2022-11-22 12:30:00,CB06.03.056,5.0
2022-11-22 13:00:00,CB06.03.056,20.0
2022-11-22 13:30:00,CB06.03.056,35.0
2022-11-22 14:00:00,CB06.03.056,57.0
2022-11-22 14:30:00,CB06.03.056,57.0
2022-11-22 15:00:00,CB06.03.056,29.0
2022-11-22 15:30:00,CB06.03.056,54.0
2022-11-22 16:00:00,CB06.03.056,0.0
2022-11-22 16:30:00,CB06.03.056,0.0
2022-11-25 08:00:00,CB06.03.056,0.0
2022-11-25 08:30:00,CB06.03.056,7.0
2022-11-25 09:00:00,CB06.03.056,19.0
2022-11-25 09:30:00,CB06.03.056,23.0
2022-11-25 10:00:00,CB06.03.056,20.0
2022-11-25 10:30:00,CB06.03.056,10.0
2022-11-25 11:00:00,CB06.03.056,26.0
2022-11-25 11:30:00,CB06.03.056,27.0
2022-11-25 12:00:00,CB06.03.056,22.0
2022-11-25 12:30:00,CB06.03.056,25.0
2022-11-25 13:00:00,CB06.03.056,24.0
2022-11-25 13:30:00,CB06.03.056,0.0
2022-11-25 14:00:00,CB06.03.056,23.0
2022-11-25 14:30:00,CB06.03.056,26.0
2022-11-25 15:00:00,CB06.03.056,23.0
2022-11-25 15:30:00,CB06.03.056,13.0
2022-11-25 16:00:00,CB06.03.056,13.0
2022-11-25 16:30:00,CB06.03.056,13.0
2022-11-25 17:00:00,CB06.03.056,15.0
2022-11-25 17:30:00,CB06.03.056,0.0
2022-11-26 06:00:00,CB06.03.056,0.0
2022-11-26 06:30:00,CB06.03.056,0.0
2022-11-26 07:00:00,CB06.03.056,0.0
2022-11-26 07:30:00,CB06.03.056,0.0
2022-11-26 08:00:00,CB06.03.056,0.0
2022-11-26 08:30:00,CB06.03.056,0.0
2022-11-26 09:00:00,CB06.03.056,0.0
2022-11-26 09:30:00,CB06.03.056,0.0
2022-11-26 10:00:00,CB06.03.056,3.0
2022-11-26 10:30:00,CB06.03.056,0.0
2022-11-26 11:00:00,CB06.03.056,0.0
2022-11-26 11:30:00,CB06.03.056,0.0
2022-11-26 12:00:00,CB06.03.056,0.0
2022-11-26 12:30:00,CB06.03.056,0.0
2022-11-26 13:00:00,CB06.03.056,0.0
2022-11-26 13:30:00,CB06.03.056,0.0
2022-11-26 14:00:00,CB06.03.056,0.0
2022-11-26 14:30:00,CB06.03.056,0.0
2022-11-26 15:00:00,CB06.03.056,0.0
2022-11-26 15:30:00,CB06.03.056,0.0
2022-11-26 16:00:00,CB06.03.056,0.0
2022-11-26 16:30:00,CB06.03.056,0.0
2022-11-26 17:00:00,CB06.03.056,0.0
2022-11-26 17:30:00,CB06.03.056,0.0
2022-11-26 18:00:00,CB06.03.056,0.0
2022-11-26 18:30:00,CB06.03.056,0.0
2022-11-26 19:00:00,CB06.03.056,0.0
2022-11-26 19:30:00,CB06.03.056,0.0
2022-11-26 20:00:00,CB06.03.056,0.0
2022-11-26 20:30:00,CB06.03.056,0.0
2022-11-26 21:00:00,CB06.03.056,0.0
2022-11-26 21:30:00,CB06.03.056,0.0
2022-11-26 22:00:00,CB06.03.056,0.0
2022-11-26 22:30:00,CB06.03.056,0.0
2022-11-26 23:00:00,CB06.03.056,0.0
2022-11-26 23:30:00,CB06.03.056,0.0
2022-11-28 08:00:00,CB06.03.056,0.0
2022-11-28 08:30:00,CB06.03.056,0.0
2022-11-28 09:00:00,CB06.03.056,0.0
2022-11-28 09:30:00,CB06.03.056,6.0
2022-11-28 10:00:00,CB06.03.056,38.0
2022-11-28 10:30:00,CB06.03.056,37.0
2022-11-28 11:00:00,CB06.03.056,17.0
2022-11-28 11:30:00,CB06.03.056,39.0
2022-11-28 12:00:00,CB06.03.056,0.0
2022-11-28 12:30:00,CB06.03.056,0.0
2022-11-28 13:00:00,CB06.03.056,14.0
2022-11-28 13:30:00,CB06.03.056,13.0
2022-11-28 14:00:00,CB06.03.056,27.0
2022-11-28 14:30:00,CB06.03.056,27.0
2022-11-28 15:00:00,CB06.03.056,19.0
2022-11-28 15:30:00,CB06.03.056,19.0
2022-11-28 16:00:00,CB06.03.056,0.0
2022-11-28 16:30:00,CB06.03.056,0.0
2022-11-30 11:30:00,CB06.03.056,6.0
2022-11-30 12:00:00,CB06.03.056,25.0
2022-11-30 12:30:00,CB06.03.056,26.0
2022-11-30 13:00:00,CB06.03.056,13.0
2022-12-01 08:00:00,CB06.03.056,0.0
2022-12-01 08:30:00,CB06.03.056,0.0
2022-12-01 09:00:00,CB06.03.056,0.0
2022-12-01 09:30:00,CB06.03.056,0.0
2022-12-01 10:00:00,CB06.03.056,15.0
2022-12-01 10:30:00,CB06.03.056,14.0
2022-12-01 11:00:00,CB06.03.056,14.0
2022-12-01 11:30:00,CB06.03.056,14.0
2022-12-01 12:00:00,CB06.03.056,0.0
2022-12-01 12:30:00,CB06.03.056,0.0
2022-12-01 13:00:00,CB06.03.056,0.0
2022-12-01 13:30:00,CB06.03.056,3.0
2022-12-01 14:00:00,CB06.03.056,9.0
2022-12-01 14:30:00,CB06.03.056,9.0
2022-12-01 15:00:00,CB06.03.056,9.0
2022-12-01 15:30:00,CB06.03.056,8.0
2022-12-01 16:00:00,CB06.03.056,0.0
2022-12-01 16:30:00,CB06.03.056,0.0
2022-12-02 08:00:00,CB06.03.056,0.0
2022-12-02 08:30:00,CB06.03.056,0.0
2022-12-02 09:00:00,CB06.03.056,0.0
2022-12-02 09:30:00,CB06.03.056,0.0
2022-12-02 10:00:00,CB06.03.056,15.0
2022-12-02 10:30:00,CB06.03.056,18.0
2022-12-02 11:00:00,CB06.03.056,18.0
2022-12-02 11:30:00,CB06.03.056,13.0
2022-12-02 12:00:00,CB06.03.056,0.0
2022-12-02 12:30:00,CB06.03.056,6.0
2022-12-02 13:00:00,CB06.03.056,6.0
2022-12-02 13:30:00,CB06.03.056,16.0
2022-12-02 14:00:00,CB06.03.056,9.0
2022-12-02 14:30:00,CB06.03.056,47.0
2022-12-02 15:00:00,CB06.03.056,39.0
2022-12-02 15:30:00,CB06.03.056,41.0
2022-12-02 16:00:00,CB06.03.056,37.0
2022-12-02 16:30:00,CB06.03.056,0.0
2022-12-03 06:00:00,CB06.03.056,0.0
2022-12-03 06:30:00,CB06.03.056,0.0
2022-12-03 07:00:00,CB06.03.056,0.0
2022-12-03 07:30:00,CB06.03.056,0.0
2022-12-03 08:00:00,CB06.03.056,0.0
2022-12-03 08:30:00,CB06.03.056,0.0
2022-12-03 09:00:00,CB06.03.056,0.0
2022-12-03 09:30:00,CB06.03.056,0.0
2022-12-03 10:00:00,CB06.03.056,0.0
2022-12-03 10:30:00,CB06.03.056,0.0
2022-12-03 11:00:00,CB06.03.056,0.0
2022-12-03 11:30:00,CB06.03.056,0.0
2022-12-03 12:00:00,CB06.03.056,0.0
2022-12-03 12:30:00,CB06.03.056,0.0
2022-12-03 13:00:00,CB06.03.056,0.0
2022-12-03 13:30:00,CB06.03.056,0.0
2022-12-03 14:00:00,CB06.03.056,0.0
2022-12-03 14:30:00,CB06.03.056,0.0
2022-12-03 15:00:00,CB06.03.056,0.0
2022-12-03 15:30:00,CB06.03.056,0.0
2022-12-03 16:00:00,CB06.03.056,0.0
2022-12-03 16:30:00,CB06.03.056,0.0
2022-12-03 17:00:00,CB06.03.056,0.0
2022-12-03 17:30:00,CB06.03.056,0.0
2022-12-03 18:00:00,CB06.03.056,0.0
2022-12-03 18:30:00,CB06.03.056,0.0
2022-12-03 19:00:00,CB06.03.056,0.0
2022-12-03 19:30:00,CB06.03.056,0.0
2022-12-03 20:00:00,CB06.03.056,0.0
2022-12-03 20:30:00,CB06.03.056,0.0
2022-12-03 21:00:00,CB06.03.056,0.0
2022-12-03 21:30:00,CB06.03.056,0.0
2022-12-03 22:00:00,CB06.03.056,0.0
2022-12-03 22:30:00,CB06.03.056,0.0
2022-12-03 23:00:00,CB06.03.056,0.0
2022-12-03 23:30:00,CB06.03.056,0.0
2022-12-05 08:30:00,CB06.03.056,7.0
2022-12-05 09:00:00,CB06.03.056,0.0
2022-12-05 09:30:00,CB06.03.056,0.0
2022-12-05 10:00:00,CB06.03.056,0.0
2022-12-05 10:30:00,CB06.03.056,0.0
2022-12-05 11:00:00,CB06.03.056,0.0
2022-12-06 08:30:00,CB06.03.056,4.0
2022-12-06 09:00:00,CB06.03.056,25.0
2022-12-06 09:30:00,CB06.03.056,23.0
2022-12-06 10:00:00,CB06.03.056,26.0
2022-12-06 10:30:00,CB06.03.056,22.0
2022-12-06 11:00:00,CB06.03.056,25.0
2022-12-12 09:00:00,CB06.03.056,16.0
2022-12-12 09:30:00,CB06.03.056,18.0
2022-12-12 10:00:00,CB06.03.056,17.0
2022-12-12 10:30:00,CB06.03.056,16.0
2022-12-12 11:00:00,CB06.03.056,16.0
2022-12-13 09:00:00,CB06.03.056,18.0
2022-12-13 09:30:00,CB06.03.056,18.0
2022-12-13 10:00:00,CB06.03.056,18.0
2022-12-13 10:30:00,CB06.03.056,18.0
2022-12-13 11:00:00,CB06.03.056,18.0
2022-12-19 09:00:00,CB06.03.056,13.0
2022-12-19 09:30:00,CB06.03.056,14.0
2022-12-19 10:00:00,CB06.03.056,13.0
2022-12-19 10:30:00,CB06.03.056,14.0
2022-12-19 11:00:00,CB06.03.056,14.0
2022-12-20 09:00:00,CB06.03.056,20.0
2022-12-20 09:30:00,CB06.03.056,19.0
2022-12-20 10:00:00,CB06.03.056,19.0
2022-12-20 10:30:00,CB06.03.056,22.0
2022-12-20 11:00:00,CB06.03.056,20.0
2023-01-02 09:00:00,CB06.03.056,7.0
2023-01-02 09:30:00,CB06.03.056,8.0
2023-01-02 10:00:00,CB06.03.056,0.0
2023-01-02 10:30:00,CB06.03.056,0.0
2023-01-02 11:00:00,CB06.03.056,0.0
2023-01-03 09:00:00,CB06.03.056,10.0
2023-01-03 09:30:00,CB06.03.056,11.0
2023-01-03 10:00:00,CB06.03.056,12.0
2023-01-03 10:30:00,CB06.03.056,13.0
2023-01-03 11:00:00,CB06.03.056,13.0
2023-01-03 12:00:00,CB06.03.056,34.0
2023-01-03 12:30:00,CB06.03.056,38.0
2023-01-03 13:00:00,CB06.03.056,3.0
2023-01-05 12:00:00,CB06.03.056,18.0
2023-01-05 12:30:00,CB06.03.056,22.0
2023-01-09 09:00:00,CB06.03.056,10.0
2023-01-09 09:30:00,CB06.03.056,10.0
2023-01-09 10:00:00,CB06.03.056,10.0
2023-01-09 10:30:00,CB06.03.056,8.0
2023-01-09 11:00:00,CB06.03.056,8.0
2023-01-10 09:00:00,CB06.03.056,10.0
2023-01-10 09:30:00,CB06.03.056,8.0
2023-01-10 10:00:00,CB06.03.056,10.0
2023-01-10 10:30:00,CB06.03.056,8.0
2023-01-10 11:00:00,CB06.03.056,8.0
2023-01-10 11:30:00,CB06.03.056,5.0
2023-01-10 12:00:00,CB06.03.056,20.0
2023-01-10 12:30:00,CB06.03.056,20.0
2023-01-12 12:00:00,CB06.03.056,15.0
2023-01-12 12:30:00,CB06.03.056,16.0
2023-01-16 09:00:00,CB06.03.056,9.0
2023-01-16 09:30:00,CB06.03.056,8.0
2023-01-16 10:00:00,CB06.03.056,9.0
2023-01-16 10:30:00,CB06.03.056,7.0
2023-01-16 11:00:00,CB06.03.056,8.0
2023-01-17 09:00:00,CB06.03.056,8.0
2023-01-17 09:30:00,CB06.03.056,7.0
2023-01-17 10:00:00,CB06.03.056,7.0
2023-01-17 10:30:00,CB06.03.056,4.0
2023-01-17 11:00:00,CB06.03.056,8.0
2023-01-17 12:00:00,CB06.03.056,10.0
2023-01-17 12:30:00,CB06.03.056,10.0
2023-01-19 12:00:00,CB06.03.056,13.0
2023-01-19 12:30:00,CB06.03.056,14.0
2023-01-23 09:00:00,CB06.03.056,4.0
2023-01-23 09:30:00,CB06.03.056,6.0
2023-01-23 10:00:00,CB06.03.056,6.0
2023-01-23 10:30:00,CB06.03.056,5.0
2023-01-23 11:00:00,CB06.03.056,5.0
2023-01-24 09:00:00,CB06.03.056,7.0
2023-01-24 09:30:00,CB06.03.056,6.0
2023-01-24 10:00:00,CB06.03.056,6.0
2023-01-24 10:30:00,CB06.03.056,5.0
2023-01-24 11:00:00,CB06.03.056,7.0
2023-01-24 11:30:00,CB06.03.056,3.0
2023-01-24 12:00:00,CB06.03.056,17.0
2023-01-24 12:30:00,CB06.03.056,16.0
2023-01-30 09:00:00,CB06.03.056,6.0
2023-01-30 09:30:00,CB06.03.056,5.0
2023-01-30 10:00:00,CB06.03.056,6.0
2023-01-30 10:30:00,CB06.03.056,6.0
2023-01-30 11:00:00,CB06.03.056,6.0
2023-01-30 11:30:00,CB06.03.056,6.0
2023-01-31 09:00:00,CB06.03.056,6.0
2023-01-31 09:30:00,CB06.03.056,7.0
2023-01-31 10:00:00,CB06.03.056,7.0
2023-01-31 10:30:00,CB06.03.056,7.0
2023-01-31 11:00:00,CB06.03.056,7.0
2023-01-31 12:00:00,CB06.03.056,18.0
2023-01-31 12:30:00,CB06.03.056,18.0
2023-02-02 12:00:00,CB06.03.056,12.0
2023-02-02 12:30:00,CB06.03.056,14.0
2023-02-06 09:00:00,CB06.03.056,7.0
2023-02-06 09:30:00,CB06.03.056,8.0
2023-02-06 10:00:00,CB06.03.056,8.0
2023-02-06 10:30:00,CB06.03.056,8.0
2023-02-06 11:00:00,CB06.03.056,8.0
2023-02-07 09:00:00,CB06.03.056,5.0
2023-02-07 09:30:00,CB06.03.056,6.0
2023-02-07 10:00:00,CB06.03.056,6.0
2023-02-07 10:30:00,CB06.03.056,5.0
2023-02-07 11:00:00,CB06.03.056,6.0
2023-02-07 12:00:00,CB06.03.056,11.0
2023-02-07 12:30:00,CB06.03.056,14.0
2023-02-08 10:30:00,CB06.03.056,32.0
2023-02-08 11:00:00,CB06.03.056,34.0
2023-02-08 11:30:00,CB06.03.056,33.0
2023-02-13 09:00:00,CB06.03.056,4.0
2023-02-13 09:30:00,CB06.03.056,5.0
2023-02-13 10:00:00,CB06.03.056,5.0
2023-02-13 10:30:00,CB06.03.056,3.0
2023-02-13 11:00:00,CB06.03.056,5.0
2023-02-14 09:00:00,CB06.03.056,5.0
2023-02-14 09:30:00,CB06.03.056,5.0
2023-02-14 10:00:00,CB06.03.056,5.0
2023-02-14 10:30:00,CB06.03.056,3.0
2023-02-14 11:00:00,CB06.03.056,5.0
2023-02-14 11:30:00,CB06.03.056,3.0
2023-02-14 16:00:00,CB06.03.056,61.0
2023-02-14 16:30:00,CB06.03.056,63.0
2023-02-14 17:00:00,CB06.03.056,58.0
2023-02-17 09:00:00,CB06.03.056,5.0
2023-02-17 09:30:00,CB06.03.056,5.0
2023-02-20 11:00:00,CB06.03.056,23.0
2023-02-20 11:30:00,CB06.03.056,23.0
2023-02-20 12:00:00,CB06.03.056,0.0
2023-02-20 12:30:00,CB06.03.056,54.0
2023-02-20 13:00:00,CB06.03.056,54.0
2023-02-20 13:30:00,CB06.03.056,54.0
2023-02-20 14:00:00,CB06.03.056,0.0
2023-02-20 14:30:00,CB06.03.056,0.0
2023-02-20 15:00:00,CB06.03.056,0.0
2023-02-20 15:30:00,CB06.03.056,0.0
2023-02-21 09:00:00,CB06.03.056,0.0
2023-02-21 09:30:00,CB06.03.056,0.0
2023-02-21 11:30:00,CB06.03.056,3.0
2023-02-21 12:00:00,CB06.03.056,75.0
2023-02-21 12:30:00,CB06.03.056,77.0
2023-02-21 13:00:00,CB06.03.056,0.0
2023-02-21 13:30:00,CB06.03.056,0.0
2023-02-21 14:30:00,CB06.03.056,0.0
2023-02-21 15:00:00,CB06.03.056,0.0
2023-02-21 15:30:00,CB06.03.056,0.0
2023-02-21 16:00:00,CB06.03.056,8.0
2023-02-21 16:30:00,CB06.03.056,0.0
2023-02-22 08:30:00,CB06.03.056,3.0
2023-02-22 09:00:00,CB06.03.056,52.0
2023-02-22 09:30:00,CB06.03.056,55.0
2023-02-22 10:00:00,CB06.03.056,56.0
2023-02-22 13:00:00,CB06.03.056,80.0
2023-02-22 13:30:00,CB06.03.056,81.0
2023-02-23 09:00:00,CB06.03.056,0.0
2023-02-23 09:30:00,CB06.03.056,0.0
2023-02-23 12:00:00,CB06.03.056,6.0
2023-02-23 12:30:00,CB06.03.056,6.0
2023-02-23 13:00:00,CB06.03.056,77.0
2023-02-23 13:30:00,CB06.03.056,78.0
2023-02-23 14:00:00,CB06.03.056,49.0
2023-02-23 14:30:00,CB06.03.056,48.0
2023-02-23 15:00:00,CB06.03.056,22.0
2023-02-23 15:30:00,CB06.03.056,28.0
2023-02-23 16:00:00,CB06.03.056,24.0
2023-02-23 16:30:00,CB06.03.056,0.0
2023-02-24 16:00:00,CB06.03.056,16.0
2023-02-24 16:30:00,CB06.03.056,31.0
2023-02-24 17:00:00,CB06.03.056,15.0
2023-02-24 17:30:00,CB06.03.056,23.0
2023-02-24 18:00:00,CB06.03.056,16.0
2023-02-24 18:30:00,CB06.03.056,3.0
2023-02-27 11:00:00,CB06.03.056,24.0
2023-02-27 11:30:00,CB06.03.056,24.0
2023-02-27 12:00:00,CB06.03.056,24.0
2023-02-27 13:30:00,CB06.03.056,3.0
2023-02-27 14:00:00,CB06.03.056,26.0
2023-02-27 14:30:00,CB06.03.056,26.0
2023-02-27 15:00:00,CB06.03.056,26.0
2023-02-27 15:30:00,CB06.03.056,24.0
2023-02-27 17:00:00,CB06.03.056,7.0
2023-02-27 17:30:00,CB06.03.056,27.0
2023-02-27 18:00:00,CB06.03.056,27.0
2023-02-27 18:30:00,CB06.03.056,27.0
2023-02-27 19:00:00,CB06.03.056,4.0
2023-02-28 09:00:00,CB06.03.056,0.0
2023-02-28 09:30:00,CB06.03.056,0.0
2023-02-28 11:30:00,CB06.03.056,6.0
2023-02-28 12:00:00,CB06.03.056,79.0
2023-02-28 12:30:00,CB06.03.056,80.0
2023-02-28 13:00:00,CB06.03.056,0.0
2023-02-28 13:30:00,CB06.03.056,0.0
2023-02-28 14:30:00,CB06.03.056,17.0
2023-02-28 15:00:00,CB06.03.056,18.0
2023-02-28 15:30:00,CB06.03.056,18.0
2023-03-01 08:30:00,CB06.03.056,5.0
2023-03-01 09:00:00,CB06.03.056,53.0
2023-03-01 09:30:00,CB06.03.056,54.0
2023-03-01 10:00:00,CB06.03.056,52.0
2023-03-01 10:30:00,CB06.03.056,52.0
2023-03-01 11:00:00,CB06.03.056,18.0
2023-03-01 11:30:00,CB06.03.056,18.0
2023-03-01 12:00:00,CB06.03.056,18.0
2023-03-01 14:00:00,CB06.03.056,0.0
2023-03-01 14:30:00,CB06.03.056,0.0
2023-03-01 15:00:00,CB06.03.056,0.0
2023-03-01 17:00:00,CB06.03.056,5.0
2023-03-01 17:30:00,CB06.03.056,5.0
2023-03-02 09:00:00,CB06.03.056,29.0
2023-03-02 09:30:00,CB06.03.056,33.0
2023-03-02 12:30:00,CB06.03.056,3.0
2023-03-02 13:00:00,CB06.03.056,63.0
2023-03-02 13:30:00,CB06.03.056,66.0
2023-03-02 14:00:00,CB06.03.056,26.0
2023-03-02 14:30:00,CB06.03.056,27.0
2023-03-02 17:00:00,CB06.03.056,19.0
2023-03-02 17:30:00,CB06.03.056,19.0
2023-03-02 18:30:00,CB06.03.056,0.0
2023-03-02 19:00:00,CB06.03.056,0.0
2023-03-02 19:30:00,CB06.03.056,0.0
2023-03-02 20:00:00,CB06.03.056,0.0
2023-03-03 16:30:00,CB06.03.056,17.0
2023-03-03 17:00:00,CB06.03.056,19.0
2023-03-03 17:30:00,CB06.03.056,22.0
2023-03-03 18:00:00,CB06.03.056,23.0
2023-03-03 21:00:00,CB06.03.056,3.0
2023-03-03 21:30:00,CB06.03.056,3.0
2023-03-03 22:00:00,CB06.03.056,3.0
2023-03-03 22:30:00,CB06.03.056,3.0
2023-03-03 23:00:00,CB06.03.056,3.0
2023-03-03 23:30:00,CB06.03.056,3.0
2023-03-06 11:00:00,CB06.03.056,24.0
2023-03-06 11:30:00,CB06.03.056,24.0
2023-03-06 12:00:00,CB06.03.056,24.0
2023-03-06 13:00:00,CB06.03.056,3.0
2023-03-06 13:30:00,CB06.03.056,5.0
2023-03-06 14:00:00,CB06.03.056,26.0
2023-03-06 14:30:00,CB06.03.056,26.0
2023-03-06 15:00:00,CB06.03.056,26.0
2023-03-06 15:30:00,CB06.03.056,26.0
2023-03-06 17:30:00,CB06.03.056,21.0
2023-03-06 18:00:00,CB06.03.056,21.0
2023-03-06 18:30:00,CB06.03.056,21.0
2023-03-06 19:00:00,CB06.03.056,21.0
2023-03-07 09:00:00,CB06.03.056,0.0
2023-03-07 09:30:00,CB06.03.056,0.0
2023-03-07 11:30:00,CB06.03.056,5.0
2023-03-07 12:00:00,CB06.03.056,59.0
2023-03-07 12:30:00,CB06.03.056,62.0
2023-03-07 13:00:00,CB06.03.056,0.0
2023-03-07 13:30:00,CB06.03.056,0.0
2023-03-07 14:00:00,CB06.03.056,3.0
2023-03-07 14:30:00,CB06.03.056,19.0
2023-03-07 15:00:00,CB06.03.056,19.0
2023-03-07 15:30:00,CB06.03.056,18.0
2023-03-08 08:30:00,CB06.03.056,8.0
2023-03-08 09:00:00,CB06.03.056,52.0
2023-03-08 09:30:00,CB06.03.056,53.0
2023-03-08 10:00:00,CB06.03.056,52.0
2023-03-08 10:30:00,CB06.03.056,42.0
2023-03-08 11:00:00,CB06.03.056,22.0
2023-03-08 11:30:00,CB06.03.056,22.0
2023-03-08 12:00:00,CB06.03.056,23.0
2023-03-08 14:00:00,CB06.03.056,0.0
2023-03-08 14:30:00,CB06.03.056,0.0
2023-03-08 15:00:00,CB06.03.056,0.0
2023-03-08 17:00:00,CB06.03.056,6.0
2023-03-08 17:30:00,CB06.03.056,7.0
2023-03-08 18:00:00,CB06.03.056,3.0
2023-03-09 09:00:00,CB06.03.056,21.0
2023-03-09 09:30:00,CB06.03.056,29.0
2023-03-09 10:00:00,CB06.03.056,28.0
2023-03-09 12:30:00,CB06.03.056,3.0
2023-03-09 13:00:00,CB06.03.056,52.0
2023-03-09 13:30:00,CB06.03.056,52.0
2023-03-09 14:00:00,CB06.03.056,26.0
2023-03-09 14:30:00,CB06.03.056,28.0
2023-03-09 15:00:00,CB06.03.056,4.0
2023-03-09 15:30:00,CB06.03.056,4.0
2023-03-09 16:00:00,CB06.03.056,23.0
2023-03-09 16:30:00,CB06.03.056,31.0
2023-03-09 17:00:00,CB06.03.056,32.0
2023-03-09 18:30:00,CB06.03.056,0.0
2023-03-09 19:00:00,CB06.03.056,0.0
2023-03-09 19:30:00,CB06.03.056,0.0
2023-03-09 20:00:00,CB06.03.056,0.0
2023-03-10 15:30:00,CB06.03.056,11.0
2023-03-10 16:00:00,CB06.03.056,45.0
2023-03-10 16:30:00,CB06.03.056,20.0
2023-03-10 17:00:00,CB06.03.056,26.0
2023-03-10 17:30:00,CB06.03.056,26.0
2023-03-10 18:00:00,CB06.03.056,8.0
2023-03-13 10:00:00,CB06.03.056,3.0
2023-03-13 11:00:00,CB06.03.056,19.0
2023-03-13 11:30:00,CB06.03.056,19.0
2023-03-13 12:00:00,CB06.03.056,19.0
2023-03-13 12:30:00,CB06.03.056,51.0
2023-03-13 13:00:00,CB06.03.056,51.0
2023-03-13 14:00:00,CB06.03.056,25.0
2023-03-13 14:30:00,CB06.03.056,25.0
2023-03-13 15:00:00,CB06.03.056,24.0
2023-03-13 15:30:00,CB06.03.056,24.0
2023-03-13 17:30:00,CB06.03.056,17.0
2023-03-13 18:00:00,CB06.03.056,17.0
2023-03-13 18:30:00,CB06.03.056,16.0
2023-03-13 19:00:00,CB06.03.056,16.0
2023-03-14 11:30:00,CB06.03.056,5.0
2023-03-14 12:00:00,CB06.03.056,46.0
2023-03-14 12:30:00,CB06.03.056,50.0
2023-03-14 15:00:00,CB06.03.056,5.0
2023-03-14 15:30:00,CB06.03.056,4.0
2023-03-14 16:00:00,CB06.03.056,15.0
2023-03-14 16:30:00,CB06.03.056,14.0
2023-03-14 17:00:00,CB06.03.056,15.0
2023-03-14 17:30:00,CB06.03.056,15.0
2023-03-15 08:30:00,CB06.03.056,6.0
2023-03-15 09:00:00,CB06.03.056,44.0
2023-03-15 09:30:00,CB06.03.056,46.0
2023-03-15 10:00:00,CB06.03.056,46.0
2023-03-15 11:00:00,CB06.03.056,23.0
2023-03-15 11:30:00,CB06.03.056,24.0
2023-03-15 12:00:00,CB06.03.056,23.0
2023-03-15 12:30:00,CB06.03.056,3.0
2023-03-15 13:00:00,CB06.03.056,40.0
2023-03-15 13:30:00,CB06.03.056,39.0
2023-03-15 14:00:00,CB06.03.056,22.0
2023-03-15 17:00:00,CB06.03.056,5.0
2023-03-15 17:30:00,CB06.03.056,5.0
2023-03-16 09:00:00,CB06.03.056,0.0
2023-03-16 09:30:00,CB06.03.056,0.0
2023-03-16 13:00:00,CB06.03.056,3.0
2023-03-16 13:30:00,CB06.03.056,0.0
2023-03-16 14:00:00,CB06.03.056,22.0
2023-03-16 14:30:00,CB06.03.056,23.0
2023-03-17 11:30:00,CB06.03.056,3.0
2023-03-17 21:30:00,CB06.03.056,6.0
2023-03-17 22:00:00,CB06.03.056,6.0
2023-03-17 22:30:00,CB06.03.056,6.0
2023-03-17 23:00:00,CB06.03.056,4.0
2023-03-17 23:30:00,CB06.03.056,4.0
2023-03-20 11:00:00,CB06.03.056,20.0
2023-03-20 11:30:00,CB06.03.056,21.0
2023-03-20 12:00:00,CB06.03.056,22.0
2023-03-20 14:00:00,CB06.03.056,22.0
2023-03-20 14:30:00,CB06.03.056,22.0
2023-03-20 15:00:00,CB06.03.056,21.0
2023-03-20 15:30:00,CB06.03.056,21.0
2023-03-20 17:00:00,CB06.03.056,3.0
2023-03-20 17:30:00,CB06.03.056,20.0
2023-03-20 18:00:00,CB06.03.056,20.0
2023-03-20 18:30:00,CB06.03.056,20.0
2023-03-20 19:00:00,CB06.03.056,19.0
2023-03-21 09:00:00,CB06.03.056,0.0
2023-03-21 09:30:00,CB06.03.056,0.0
2023-03-21 11:00:00,CB06.03.056,7.0
2023-03-21 11:30:00,CB06.03.056,10.0
2023-03-21 12:00:00,CB06.03.056,68.0
2023-03-21 12:30:00,CB06.03.056,71.0
2023-03-21 15:00:00,CB06.03.056,6.0
2023-03-21 15:30:00,CB06.03.056,6.0
2023-03-21 16:00:00,CB06.03.056,18.0
2023-03-21 16:30:00,CB06.03.056,18.0
2023-03-21 17:00:00,CB06.03.056,18.0
2023-03-21 17:30:00,CB06.03.056,17.0
2023-03-21 18:00:00,CB06.03.056,0.0
2023-03-21 18:30:00,CB06.03.056,0.0
2023-03-21 19:00:00,CB06.03.056,0.0
2023-03-21 19:30:00,CB06.03.056,0.0
2023-03-21 20:00:00,CB06.03.056,0.0
2023-03-21 20:30:00,CB06.03.056,0.0
2023-03-22 08:30:00,CB06.03.056,8.0
2023-03-22 09:00:00,CB06.03.056,49.0
2023-03-22 09:30:00,CB06.03.056,50.0
2023-03-22 10:00:00,CB06.03.056,49.0
2023-03-22 11:00:00,CB06.03.056,15.0
2023-03-22 11:30:00,CB06.03.056,17.0
2023-03-22 12:00:00,CB06.03.056,17.0
2023-03-22 13:30:00,CB06.03.056,3.0
2023-03-22 14:00:00,CB06.03.056,3.0
2023-03-22 14:30:00,CB06.03.056,3.0
2023-03-22 15:00:00,CB06.03.056,7.0
2023-03-22 15:30:00,CB06.03.056,7.0
2023-03-22 16:00:00,CB06.03.056,5.0
2023-03-22 16:30:00,CB06.03.056,5.0
2023-03-22 17:00:00,CB06.03.056,6.0
2023-03-22 17:30:00,CB06.03.056,8.0
2023-03-22 18:00:00,CB06.03.056,5.0
2023-03-23 09:00:00,CB06.03.056,0.0
2023-03-23 09:30:00,CB06.03.056,0.0
2023-03-23 13:00:00,CB06.03.056,0.0
2023-03-23 13:30:00,CB06.03.056,0.0
2023-03-23 14:00:00,CB06.03.056,22.0
2023-03-23 14:30:00,CB06.03.056,22.0
2023-03-23 16:30:00,CB06.03.056,4.0
2023-03-23 17:00:00,CB06.03.056,27.0
2023-03-23 17:30:00,CB06.03.056,33.0
2023-03-23 18:00:00,CB06.03.056,32.0
2023-03-23 18:30:00,CB06.03.056,18.0
2023-03-23 19:00:00,CB06.03.056,14.0
2023-03-27 11:00:00,CB06.03.056,15.0
2023-03-27 11:30:00,CB06.03.056,17.0
2023-03-27 12:00:00,CB06.03.056,17.0
2023-03-27 12:30:00,CB06.03.056,0.0
2023-03-27 13:00:00,CB06.03.056,3.0
2023-03-27 13:30:00,CB06.03.056,3.0
2023-03-27 14:00:00,CB06.03.056,23.0
2023-03-27 14:30:00,CB06.03.056,23.0
2023-03-27 15:00:00,CB06.03.056,22.0
2023-03-27 15:30:00,CB06.03.056,22.0
2023-03-27 17:30:00,CB06.03.056,16.0
2023-03-27 18:00:00,CB06.03.056,16.0
2023-03-27 18:30:00,CB06.03.056,14.0
2023-03-27 19:00:00,CB06.03.056,9.0
2023-03-28 09:00:00,CB06.03.056,0.0
2023-03-28 09:30:00,CB06.03.056,0.0
2023-03-28 12:00:00,CB06.03.056,37.0
2023-03-28 12:30:00,CB06.03.056,38.0
2023-03-28 15:30:00,CB06.03.056,4.0
2023-03-28 16:00:00,CB06.03.056,3.0
2023-03-28 16:30:00,CB06.03.056,3.0
2023-03-28 18:00:00,CB06.03.056,0.0
2023-03-28 18:30:00,CB06.03.056,0.0
2023-03-28 19:00:00,CB06.03.056,0.0
2023-03-28 19:30:00,CB06.03.056,0.0
2023-03-28 20:00:00,CB06.03.056,0.0
2023-03-28 20:30:00,CB06.03.056,0.0
2023-03-29 08:30:00,CB06.03.056,6.0
2023-03-29 09:00:00,CB06.03.056,38.0
2023-03-29 09:30:00,CB06.03.056,38.0
2023-03-29 10:00:00,CB06.03.056,38.0
2023-03-29 11:00:00,CB06.03.056,16.0
2023-03-29 11:30:00,CB06.03.056,16.0
2023-03-29 12:00:00,CB06.03.056,16.0
2023-03-29 15:30:00,CB06.03.056,3.0
2023-03-29 16:00:00,CB06.03.056,4.0
2023-03-29 16:30:00,CB06.03.056,5.0
2023-03-29 17:00:00,CB06.03.056,5.0
2023-03-29 17:30:00,CB06.03.056,4.0
2023-03-29 18:00:00,CB06.03.056,4.0
2023-03-29 18:30:00,CB06.03.056,4.0
2023-03-29 19:00:00,CB06.03.056,4.0
2023-03-29 19:30:00,CB06.03.056,4.0
2023-03-29 21:00:00,CB06.03.056,3.0
2023-03-29 21:30:00,CB06.03.056,4.0
2023-03-29 22:00:00,CB06.03.056,4.0
2023-03-29 22:30:00,CB06.03.056,4.0
2023-03-29 23:00:00,CB06.03.056,4.0
2023-03-29 23:30:00,CB06.03.056,4.0
2023-03-30 06:00:00,CB06.03.056,4.0
2023-03-30 09:00:00,CB06.03.056,0.0
2023-03-30 09:30:00,CB06.03.056,0.0
2023-03-30 13:00:00,CB06.03.056,29.0
2023-03-30 13:30:00,CB06.03.056,30.0
2023-03-30 14:00:00,CB06.03.056,16.0
2023-03-30 14:30:00,CB06.03.056,17.0
2023-03-31 20:00:00,CB06.03.056,4.0
2023-04-01 09:00:00,CB06.03.056,0.0
2023-04-01 09:30:00,CB06.03.056,9.0
2023-04-01 10:00:00,CB06.03.056,37.0
2023-04-01 10:30:00,CB06.03.056,3.0
2023-04-01 11:00:00,CB06.03.056,3.0
2023-04-01 11:30:00,CB06.03.056,3.0
2023-04-01 12:00:00,CB06.03.056,3.0
2023-04-01 12:30:00,CB06.03.056,3.0
2023-04-01 13:00:00,CB06.03.056,3.0
2023-04-01 13:30:00,CB06.03.056,3.0
2023-04-01 14:00:00,CB06.03.056,3.0
2023-04-01 14:30:00,CB06.03.056,3.0
2023-04-01 15:00:00,CB06.03.056,3.0
2023-04-01 15:30:00,CB06.03.056,3.0
2023-04-01 16:00:00,CB06.03.056,3.0
2023-04-01 16:30:00,CB06.03.056,3.0
2023-04-01 17:00:00,CB06.03.056,3.0
2023-04-03 11:00:00,CB06.03.056,16.0
2023-04-03 11:30:00,CB06.03.056,18.0
2023-04-03 12:00:00,CB06.03.056,17.0
2023-04-03 14:00:00,CB06.03.056,22.0
2023-04-03 14:30:00,CB06.03.056,22.0
2023-04-03 15:00:00,CB06.03.056,22.0
2023-04-03 15:30:00,CB06.03.056,22.0
2023-04-03 17:30:00,CB06.03.056,14.0
2023-04-03 18:00:00,CB06.03.056,14.0
2023-04-03 18:30:00,CB06.03.056,14.0
2023-04-03 19:00:00,CB06.03.056,13.0
2023-04-04 11:30:00,CB06.03.056,6.0
2023-04-04 12:00:00,CB06.03.056,6.0
2023-04-04 12:30:00,CB06.03.056,6.0
2023-04-04 13:00:00,CB06.03.056,3.0
2023-04-04 13:30:00,CB06.03.056,3.0
2023-04-04 14:00:00,CB06.03.056,4.0
2023-04-04 14:30:00,CB06.03.056,4.0
2023-04-04 15:00:00,CB06.03.056,4.0
2023-04-04 15:30:00,CB06.03.056,4.0
2023-04-04 16:00:00,CB06.03.056,6.0
2023-04-04 16:30:00,CB06.03.056,6.0
2023-04-04 17:00:00,CB06.03.056,3.0
2023-04-04 17:30:00,CB06.03.056,5.0
2023-04-04 18:00:00,CB06.03.056,5.0
2023-04-04 18:30:00,CB06.03.056,5.0
2023-04-04 19:00:00,CB06.03.056,0.0
2023-04-04 19:30:00,CB06.03.056,0.0
2023-04-04 20:00:00,CB06.03.056,0.0
2023-04-04 20:30:00,CB06.03.056,0.0
2023-04-05 09:00:00,CB06.03.056,32.0
2023-04-05 09:30:00,CB06.03.056,36.0
2023-04-05 10:00:00,CB06.03.056,0.0
2023-04-05 11:00:00,CB06.03.056,15.0
2023-04-05 11:30:00,CB06.03.056,15.0
2023-04-05 12:00:00,CB06.03.056,15.0
2023-04-05 17:00:00,CB06.03.056,0.0
2023-04-05 17:30:00,CB06.03.056,0.0
2023-04-05 18:00:00,CB06.03.056,0.0
2023-04-05 18:30:00,CB06.03.056,0.0
2023-04-05 19:00:00,CB06.03.056,0.0
2023-04-05 19:30:00,CB06.03.056,0.0
2023-04-06 09:00:00,CB06.03.056,0.0
2023-04-06 09:30:00,CB06.03.056,0.0
2023-04-06 13:00:00,CB06.03.056,22.0
2023-04-06 13:30:00,CB06.03.056,25.0
2023-04-06 14:00:00,CB06.03.056,6.0
2023-04-06 14:30:00,CB06.03.056,0.0
2023-04-11 10:00:00,CB06.03.056,0.0
2023-04-11 10:30:00,CB06.03.056,19.0
2023-04-11 11:00:00,CB06.03.056,20.0
2023-04-11 11:30:00,CB06.03.056,18.0
2023-04-11 12:00:00,CB06.03.056,20.0
2023-04-11 12:30:00,CB06.03.056,0.0
2023-04-11 13:00:00,CB06.03.056,0.0
2023-04-11 13:30:00,CB06.03.056,0.0
2023-04-11 18:00:00,CB06.03.056,0.0
2023-04-11 18:30:00,CB06.03.056,0.0
2023-04-11 19:00:00,CB06.03.056,0.0
2023-04-11 19:30:00,CB06.03.056,0.0
2023-04-11 20:00:00,CB06.03.056,0.0
2023-04-11 20:30:00,CB06.03.056,0.0
2023-04-13 07:00:00,CB06.03.056,0.0
2023-04-13 07:30:00,CB06.03.056,0.0
2023-04-13 08:00:00,CB06.03.056,0.0
2023-04-13 08:30:00,CB06.03.056,0.0
2023-04-13 09:00:00,CB06.03.056,0.0
2023-04-13 09:30:00,CB06.03.056,0.0
2023-04-13 10:00:00,CB06.03.056,0.0
2023-04-13 10:30:00,CB06.03.056,0.0
2023-04-13 11:00:00,CB06.03.056,0.0
2023-04-13 11:30:00,CB06.03.056,0.0
2023-04-13 12:00:00,CB06.03.056,0.0
2023-04-13 12:30:00,CB06.03.056,0.0
2023-04-13 13:00:00,CB06.03.056,0.0
2023-04-13 13:30:00,CB06.03.056,0.0
2023-04-13 14:00:00,CB06.03.056,0.0
2023-04-13 14:30:00,CB06.03.056,0.0
2023-04-13 15:00:00,CB06.03.056,0.0
2023-04-13 15:30:00,CB06.03.056,0.0
2023-04-13 16:00:00,CB06.03.056,0.0
2023-04-13 16:30:00,CB06.03.056,0.0
2023-04-17 11:00:00,CB06.03.056,17.0
2023-04-17 11:30:00,CB06.03.056,17.0
2023-04-17 12:00:00,CB06.03.056,17.0
2023-04-17 13:30:00,CB06.03.056,5.0
2023-04-17 14:00:00,CB06.03.056,16.0
2023-04-17 14:30:00,CB06.03.056,16.0
2023-04-17 15:00:00,CB06.03.056,16.0
2023-04-17 15:30:00,CB06.03.056,16.0
2023-04-17 17:00:00,CB06.03.056,3.0
2023-04-17 17:30:00,CB06.03.056,16.0
2023-04-17 18:00:00,CB06.03.056,19.0
2023-04-17 18:30:00,CB06.03.056,19.0
2023-04-17 19:00:00,CB06.03.056,19.0
2023-04-18 11:30:00,CB06.03.056,3.0
2023-04-18 12:00:00,CB06.03.056,54.0
2023-04-18 12:30:00,CB06.03.056,57.0
2023-04-18 13:00:00,CB06.03.056,57.0
2023-04-18 14:30:00,CB06.03.056,3.0
2023-04-18 15:00:00,CB06.03.056,6.0
2023-04-18 15:30:00,CB06.03.056,4.0
2023-04-18 16:00:00,CB06.03.056,10.0
2023-04-18 16:30:00,CB06.03.056,11.0
2023-04-18 17:00:00,CB06.03.056,11.0
2023-04-18 17:30:00,CB06.03.056,11.0
2023-04-18 18:00:00,CB06.03.056,3.0
2023-04-18 18:30:00,CB06.03.056,0.0
2023-04-18 19:00:00,CB06.03.056,0.0
2023-04-18 19:30:00,CB06.03.056,0.0
2023-04-18 20:00:00,CB06.03.056,0.0
2023-04-18 20:30:00,CB06.03.056,0.0
2023-04-19 08:30:00,CB06.03.056,4.0
2023-04-19 09:00:00,CB06.03.056,44.0
2023-04-19 09:30:00,CB06.03.056,43.0
2023-04-19 10:00:00,CB06.03.056,0.0
2023-04-19 11:00:00,CB06.03.056,18.0
2023-04-19 11:30:00,CB06.03.056,20.0
2023-04-19 12:00:00,CB06.03.056,20.0
2023-04-20 09:00:00,CB06.03.056,17.0
2023-04-20 09:30:00,CB06.03.056,22.0
2023-04-20 13:00:00,CB06.03.056,4.0
2023-04-20 13:30:00,CB06.03.056,4.0
2023-04-20 14:00:00,CB06.03.056,22.0
2023-04-20 14:30:00,CB06.03.056,22.0
2023-04-21 11:30:00,CB06.03.056,5.0
2023-04-21 12:00:00,CB06.03.056,50.0
2023-04-21 12:30:00,CB06.03.056,49.0
2023-04-21 16:00:00,CB06.03.056,4.0
2023-04-21 19:30:00,CB06.03.056,12.0
2023-04-21 20:00:00,CB06.03.056,12.0
2023-04-21 20:30:00,CB06.03.056,10.0
2023-04-21 21:00:00,CB06.03.056,11.0
2023-04-21 21:30:00,CB06.03.056,11.0
2023-04-21 22:00:00,CB06.03.056,8.0
2023-04-24 11:00:00,CB06.03.056,15.0
2023-04-24 11:30:00,CB06.03.056,15.0
2023-04-24 12:00:00,CB06.03.056,14.0
2023-04-24 14:00:00,CB06.03.056,20.0
2023-04-24 14:30:00,CB06.03.056,19.0
2023-04-24 15:00:00,CB06.03.056,18.0
2023-04-24 15:30:00,CB06.03.056,3.0
2023-04-24 17:30:00,CB06.03.056,0.0
2023-04-24 18:00:00,CB06.03.056,0.0
2023-04-24 18:30:00,CB06.03.056,0.0
2023-04-24 19:00:00,CB06.03.056,0.0
2023-04-25 18:00:00,CB06.03.056,0.0
2023-04-25 18:30:00,CB06.03.056,0.0
2023-04-25 19:00:00,CB06.03.056,0.0
2023-04-25 19:30:00,CB06.03.056,0.0
2023-04-25 20:00:00,CB06.03.056,0.0
2023-04-25 20:30:00,CB06.03.056,0.0
2023-04-26 08:30:00,CB06.03.056,6.0
2023-04-26 09:00:00,CB06.03.056,36.0
2023-04-26 09:30:00,CB06.03.056,40.0
2023-04-26 10:00:00,CB06.03.056,39.0
2023-04-26 11:00:00,CB06.03.056,14.0
2023-04-26 11:30:00,CB06.03.056,14.0
2023-04-26 12:00:00,CB06.03.056,15.0
2023-04-26 14:30:00,CB06.03.056,42.0
2023-04-26 15:00:00,CB06.03.056,78.0
2023-04-26 15:30:00,CB06.03.056,75.0
2023-04-26 16:00:00,CB06.03.056,66.0
2023-04-26 16:30:00,CB06.03.056,17.0
2023-04-26 17:00:00,CB06.03.056,5.0
2023-04-26 17:30:00,CB06.03.056,7.0
2023-04-26 18:00:00,CB06.03.056,3.0
2023-04-26 18:30:00,CB06.03.056,3.0
2023-04-26 19:00:00,CB06.03.056,3.0
2023-04-26 19:30:00,CB06.03.056,3.0
2023-04-26 20:00:00,CB06.03.056,3.0
2023-04-27 09:00:00,CB06.03.056,0.0
2023-04-27 09:30:00,CB06.03.056,0.0
2023-04-27 12:30:00,CB06.03.056,3.0
2023-04-27 13:00:00,CB06.03.056,52.0
2023-04-27 13:30:00,CB06.03.056,61.0
2023-04-27 14:00:00,CB06.03.056,33.0
2023-04-27 14:30:00,CB06.03.056,12.0
2023-04-28 11:30:00,CB06.03.056,3.0
2023-04-28 12:00:00,CB06.03.056,75.0
2023-04-28 12:30:00,CB06.03.056,64.0
2023-04-28 15:00:00,CB06.03.056,5.0
2023-04-28 15:30:00,CB06.03.056,5.0
2023-04-28 16:00:00,CB06.03.056,6.0
2023-04-28 18:30:00,CB06.03.056,0.0
2023-04-28 19:00:00,CB06.03.056,27.0
2023-04-28 19:30:00,CB06.03.056,27.0
2023-04-28 20:00:00,CB06.03.056,26.0
2023-04-28 20:30:00,CB06.03.056,22.0
2023-04-28 21:00:00,CB06.03.056,22.0
2023-04-28 21:30:00,CB06.03.056,24.0
2023-05-01 11:00:00,CB06.03.056,0.0
2023-05-01 11:30:00,CB06.03.056,0.0
2023-05-01 12:00:00,CB06.03.056,3.0
2023-05-01 12:30:00,CB06.03.056,39.0
2023-05-01 13:00:00,CB06.03.056,38.0
2023-05-01 14:00:00,CB06.03.056,18.0
2023-05-01 14:30:00,CB06.03.056,18.0
2023-05-01 15:00:00,CB06.03.056,18.0
2023-05-01 15:30:00,CB06.03.056,18.0
2023-05-01 17:00:00,CB06.03.056,5.0
2023-05-01 17:30:00,CB06.03.056,12.0
2023-05-01 18:00:00,CB06.03.056,12.0
2023-05-01 18:30:00,CB06.03.056,12.0
2023-05-01 19:00:00,CB06.03.056,11.0
2023-05-01 19:30:00,CB06.03.056,8.0
2023-05-02 09:00:00,CB06.03.056,13.0
2023-05-02 09:30:00,CB06.03.056,77.0
2023-05-02 10:00:00,CB06.03.056,78.0
2023-05-02 10:30:00,CB06.03.056,71.0
2023-05-02 12:00:00,CB06.03.056,40.0
2023-05-02 12:30:00,CB06.03.056,44.0
2023-05-02 13:30:00,CB06.03.056,20.0
2023-05-02 14:00:00,CB06.03.056,20.0
2023-05-02 14:30:00,CB06.03.056,20.0
2023-05-02 15:00:00,CB06.03.056,22.0
2023-05-02 15:30:00,CB06.03.056,4.0
2023-05-02 16:00:00,CB06.03.056,9.0
2023-05-02 16:30:00,CB06.03.056,9.0
2023-05-02 17:00:00,CB06.03.056,9.0
2023-05-02 17:30:00,CB06.03.056,8.0
2023-05-02 18:00:00,CB06.03.056,0.0
2023-05-02 18:30:00,CB06.03.056,0.0
2023-05-02 19:00:00,CB06.03.056,0.0
2023-05-02 19:30:00,CB06.03.056,0.0
2023-05-02 20:00:00,CB06.03.056,0.0
2023-05-02 20:30:00,CB06.03.056,0.0
2023-05-03 08:30:00,CB06.03.056,3.0
2023-05-03 09:00:00,CB06.03.056,31.0
2023-05-03 09:30:00,CB06.03.056,40.0
2023-05-03 10:00:00,CB06.03.056,0.0
2023-05-03 11:00:00,CB06.03.056,0.0
2023-05-03 11:30:00,CB06.03.056,0.0
2023-05-03 12:00:00,CB06.03.056,0.0
2023-05-03 15:00:00,CB06.03.056,3.0
2023-05-03 15:30:00,CB06.03.056,6.0
2023-05-03 16:00:00,CB06.03.056,7.0
2023-05-03 16:30:00,CB06.03.056,8.0
2023-05-03 18:00:00,CB06.03.056,5.0
2023-05-03 18:30:00,CB06.03.056,5.0
2023-05-04 09:00:00,CB06.03.056,0.0
2023-05-04 09:30:00,CB06.03.056,19.0
2023-05-04 10:00:00,CB06.03.056,19.0
2023-05-04 13:00:00,CB06.03.056,0.0
2023-05-04 13:30:00,CB06.03.056,0.0
2023-05-04 14:00:00,CB06.03.056,15.0
2023-05-04 14:30:00,CB06.03.056,15.0
2023-05-04 15:00:00,CB06.03.056,3.0
2023-05-04 15:30:00,CB06.03.056,3.0
2023-05-04 17:00:00,CB06.03.056,4.0
2023-05-08 11:00:00,CB06.03.056,12.0
2023-05-08 11:30:00,CB06.03.056,15.0
2023-05-08 12:00:00,CB06.03.056,14.0
2023-05-08 12:30:00,CB06.03.056,39.0
2023-05-08 13:00:00,CB06.03.056,40.0
2023-05-08 14:00:00,CB06.03.056,32.0
2023-05-08 14:30:00,CB06.03.056,32.0
2023-05-08 15:00:00,CB06.03.056,21.0
2023-05-08 15:30:00,CB06.03.056,21.0
2023-05-08 17:00:00,CB06.03.056,3.0
2023-05-08 17:30:00,CB06.03.056,13.0
2023-05-08 18:00:00,CB06.03.056,13.0
2023-05-08 18:30:00,CB06.03.056,11.0
2023-05-08 19:00:00,CB06.03.056,13.0
2023-05-09 11:30:00,CB06.03.056,5.0
2023-05-09 12:00:00,CB06.03.056,35.0
2023-05-09 12:30:00,CB06.03.056,19.0
2023-05-09 15:30:00,CB06.03.056,6.0
2023-05-09 16:00:00,CB06.03.056,12.0
2023-05-09 16:30:00,CB06.03.056,13.0
2023-05-09 17:00:00,CB06.03.056,13.0
2023-05-09 17:30:00,CB06.03.056,11.0
2023-05-09 18:00:00,CB06.03.056,8.0
2023-05-09 18:30:00,CB06.03.056,0.0
2023-05-09 19:00:00,CB06.03.056,0.0
2023-05-09 19:30:00,CB06.03.056,0.0
2023-05-09 20:00:00,CB06.03.056,0.0
2023-05-09 20:30:00,CB06.03.056,0.0
2023-05-10 09:00:00,CB06.03.056,0.0
2023-05-10 09:30:00,CB06.03.056,0.0
2023-05-10 10:00:00,CB06.03.056,0.0
2023-05-10 11:00:00,CB06.03.056,12.0
2023-05-10 11:30:00,CB06.03.056,13.0
2023-05-10 12:00:00,CB06.03.056,12.0
2023-05-10 15:00:00,CB06.03.056,3.0
2023-05-10 15:30:00,CB06.03.056,4.0
2023-05-10 16:00:00,CB06.03.056,4.0
2023-05-10 16:30:00,CB06.03.056,4.0
2023-05-10 17:00:00,CB06.03.056,3.0
2023-05-10 17:30:00,CB06.03.056,3.0
2023-05-10 18:00:00,CB06.03.056,4.0
2023-05-10 18:30:00,CB06.03.056,4.0
2023-05-10 19:00:00,CB06.03.056,4.0
2023-05-10 20:00:00,CB06.03.056,4.0
2023-05-10 20:30:00,CB06.03.056,4.0
2023-05-10 21:00:00,CB06.03.056,3.0
2023-05-10 21:30:00,CB06.03.056,4.0
2023-05-10 22:00:00,CB06.03.056,4.0
2023-05-10 22:30:00,CB06.03.056,4.0
2023-05-10 23:00:00,CB06.03.056,4.0
2023-05-10 23:30:00,CB06.03.056,3.0
2023-05-11 02:00:00,CB06.03.056,3.0
2023-05-11 02:30:00,CB06.03.056,3.0
2023-05-11 03:00:00,CB06.03.056,3.0
2023-05-11 04:00:00,CB06.03.056,3.0
2023-05-11 04:30:00,CB06.03.056,3.0
2023-05-11 05:00:00,CB06.03.056,3.0
2023-05-11 05:30:00,CB06.03.056,3.0
2023-05-11 06:00:00,CB06.03.056,3.0
2023-05-11 06:30:00,CB06.03.056,3.0
2023-05-11 07:00:00,CB06.03.056,3.0
2023-05-11 07:30:00,CB06.03.056,3.0
2023-05-11 09:00:00,CB06.03.056,11.0
2023-05-11 09:30:00,CB06.03.056,18.0
2023-05-11 13:00:00,CB06.03.056,37.0
2023-05-11 13:30:00,CB06.03.056,42.0
2023-05-11 14:00:00,CB06.03.056,0.0
2023-05-11 14:30:00,CB06.03.056,0.0
2023-05-12 14:00:00,CB06.03.056,5.0
2023-05-12 14:30:00,CB06.03.056,5.0
2023-05-12 15:00:00,CB06.03.056,5.0
2023-05-12 21:00:00,CB06.03.056,4.0
2023-05-12 21:30:00,CB06.03.056,5.0
2023-05-12 22:00:00,CB06.03.056,5.0
2023-05-12 22:30:00,CB06.03.056,5.0
2023-05-12 23:00:00,CB06.03.056,4.0
2023-05-15 11:00:00,CB06.03.056,9.0
2023-05-15 11:30:00,CB06.03.056,10.0
2023-05-15 12:00:00,CB06.03.056,12.0
2023-05-15 14:00:00,CB06.03.056,18.0
2023-05-15 14:30:00,CB06.03.056,18.0
2023-05-15 15:00:00,CB06.03.056,18.0
2023-05-15 15:30:00,CB06.03.056,0.0
2023-05-15 16:00:00,CB06.03.056,4.0
2023-05-15 16:30:00,CB06.03.056,4.0
2023-05-15 17:00:00,CB06.03.056,3.0
2023-05-15 17:30:00,CB06.03.056,11.0
2023-05-15 18:00:00,CB06.03.056,13.0
2023-05-15 18:30:00,CB06.03.056,9.0
2023-05-15 19:00:00,CB06.03.056,12.0
2023-05-15 19:30:00,CB06.03.056,4.0
2023-05-16 12:00:00,CB06.03.056,0.0
2023-05-16 12:30:00,CB06.03.056,0.0
2023-05-16 18:00:00,CB06.03.056,0.0
2023-05-16 18:30:00,CB06.03.056,0.0
2023-05-16 19:00:00,CB06.03.056,0.0
2023-05-16 19:30:00,CB06.03.056,0.0
2023-05-16 20:00:00,CB06.03.056,0.0
2023-05-16 20:30:00,CB06.03.056,0.0
2023-05-17 09:00:00,CB06.03.056,0.0
2023-05-17 09:30:00,CB06.03.056,0.0
2023-05-17 10:00:00,CB06.03.056,0.0
2023-05-17 11:00:00,CB06.03.056,10.0
2023-05-17 11:30:00,CB06.03.056,11.0
2023-05-17 12:00:00,CB06.03.056,11.0
2023-05-17 14:00:00,CB06.03.056,3.0
2023-05-17 14:30:00,CB06.03.056,3.0
2023-05-17 15:00:00,CB06.03.056,3.0
2023-05-17 15:30:00,CB06.03.056,3.0
2023-05-17 16:00:00,CB06.03.056,3.0
2023-05-17 16:30:00,CB06.03.056,3.0
2023-05-17 17:00:00,CB06.03.056,3.0
2023-05-18 09:00:00,CB06.03.056,0.0
2023-05-18 09:30:00,CB06.03.056,0.0
2023-05-18 13:00:00,CB06.03.056,27.0
2023-05-18 13:30:00,CB06.03.056,31.0
2023-05-18 14:00:00,CB06.03.056,32.0
2023-05-18 14:30:00,CB06.03.056,21.0
2023-05-18 15:30:00,CB06.03.056,0.0
2023-05-18 16:00:00,CB06.03.056,0.0
2023-05-18 16:30:00,CB06.03.056,0.0
2023-05-18 17:00:00,CB06.03.056,0.0
2023-05-23 11:00:00,CB06.03.056,3.0
2023-05-23 11:30:00,CB06.03.056,3.0
2023-05-23 12:00:00,CB06.03.056,3.0
2023-05-23 12:30:00,CB06.03.056,3.0
2023-05-23 13:00:00,CB06.03.056,0.0
2023-05-23 13:30:00,CB06.03.056,0.0
2023-05-23 14:00:00,CB06.03.056,0.0
2023-05-23 14:30:00,CB06.03.056,0.0
2023-05-23 15:00:00,CB06.03.056,4.0
2023-05-23 15:30:00,CB06.03.056,4.0
2023-05-26 11:00:00,CB06.03.056,0.0
2023-05-26 11:30:00,CB06.03.056,0.0
2023-05-26 12:00:00,CB06.03.056,0.0
2023-06-01 15:00:00,CB06.03.056,11.0
2023-06-01 15:30:00,CB06.03.056,12.0
2023-06-01 16:00:00,CB06.03.056,12.0
2023-06-01 16:30:00,CB06.03.056,12.0
2023-06-01 17:00:00,CB06.03.056,12.0
2023-06-01 17:30:00,CB06.03.056,12.0
2023-06-01 18:00:00,CB06.03.056,13.0
2023-06-06 14:00:00,CB06.03.056,3.0
2023-06-06 14:30:00,CB06.03.056,3.0
2023-06-06 15:00:00,CB06.03.056,4.0
2023-06-06 15:30:00,CB06.03.056,0.0
2023-06-19 08:00:00,CB06.03.056,0.0
2023-06-19 08:30:00,CB06.03.056,0.0
2023-06-19 09:00:00,CB06.03.056,0.0
2023-06-19 09:30:00,CB06.03.056,0.0
2023-06-19 10:00:00,CB06.03.056,0.0
2023-06-19 10:30:00,CB06.03.056,23.0
2023-06-19 11:00:00,CB06.03.056,8.0
2023-06-19 11:30:00,CB06.03.056,26.0
2023-06-19 12:00:00,CB06.03.056,0.0
2023-06-19 12:30:00,CB06.03.056,26.0
2023-06-19 13:00:00,CB06.03.056,26.0
2023-06-19 13:30:00,CB06.03.056,33.0
2023-06-19 14:00:00,CB06.03.056,33.0
2023-06-19 14:30:00,CB06.03.056,0.0
2023-06-19 15:00:00,CB06.03.056,0.0
2023-06-19 15:30:00,CB06.03.056,0.0
2023-06-19 16:00:00,CB06.03.056,0.0
2023-06-19 16:30:00,CB06.03.056,0.0
2023-06-24 08:30:00,CB06.03.056,3.0
2023-06-24 09:00:00,CB06.03.056,0.0
2023-06-24 09:30:00,CB06.03.056,24.0
2023-06-24 10:00:00,CB06.03.056,57.0
2023-06-24 10:30:00,CB06.03.056,3.0
2023-06-24 11:00:00,CB06.03.056,55.0
2023-06-24 11:30:00,CB06.03.056,0.0
2023-06-24 12:00:00,CB06.03.056,3.0
2023-06-24 12:30:00,CB06.03.056,0.0
2023-06-24 13:00:00,CB06.03.056,0.0
2023-06-24 13:30:00,CB06.03.056,0.0
2023-06-24 14:00:00,CB06.03.056,0.0
2023-06-24 14:30:00,CB06.03.056,4.0
2023-06-24 15:00:00,CB06.03.056,53.0
2023-06-24 15:30:00,CB06.03.056,0.0
2023-06-24 16:00:00,CB06.03.056,0.0
2023-06-24 16:30:00,CB06.03.056,0.0
2023-07-06 18:00:00,CB06.03.056,0.0
2023-07-06 18:30:00,CB06.03.056,0.0
2023-07-06 19:00:00,CB06.03.056,0.0
2023-07-06 19:30:00,CB06.03.056,0.0
2023-07-06 20:00:00,CB06.03.056,0.0
2023-07-06 20:30:00,CB06.03.056,0.0
2023-07-06 21:00:00,CB06.03.056,0.0
2023-07-06 21:30:00,CB06.03.056,0.0
2023-07-06 22:00:00,CB06.03.056,0.0
2023-07-06 22:30:00,CB06.03.056,0.0
2023-07-10 08:00:00,CB06.03.056,0.0
2023-07-10 08:30:00,CB06.03.056,0.0
2023-07-10 09:00:00,CB06.03.056,0.0
2023-07-10 09:30:00,CB06.03.056,0.0
2023-07-10 10:00:00,CB06.03.056,0.0
2023-07-10 10:30:00,CB06.03.056,0.0
2023-07-10 11:00:00,CB06.03.056,0.0
2023-07-10 11:30:00,CB06.03.056,0.0
2023-07-10 12:00:00,CB06.03.056,0.0
2023-07-10 12:30:00,CB06.03.056,0.0
2023-07-10 13:00:00,CB06.03.056,0.0
2023-07-10 13:30:00,CB06.03.056,0.0
2023-07-10 14:00:00,CB06.03.056,0.0
2023-07-10 14:30:00,CB06.03.056,0.0
2023-07-10 15:00:00,CB06.03.056,0.0
2023-07-10 15:30:00,CB06.03.056,0.0
2023-07-10 16:00:00,CB06.03.056,0.0
2023-07-10 16:30:00,CB06.03.056,0.0
2023-07-11 08:00:00,CB06.03.056,0.0
2023-07-11 08:30:00,CB06.03.056,0.0
2023-07-11 09:00:00,CB06.03.056,0.0
2023-07-11 09:30:00,CB06.03.056,0.0
2023-07-11 10:00:00,CB06.03.056,0.0
2023-07-11 10:30:00,CB06.03.056,0.0
2023-07-11 11:00:00,CB06.03.056,0.0
2023-07-11 11:30:00,CB06.03.056,52.0
2023-07-11 12:00:00,CB06.03.056,52.0
2023-07-11 12:30:00,CB06.03.056,52.0
2023-07-11 13:00:00,CB06.03.056,52.0
2023-07-11 13:30:00,CB06.03.056,0.0
2023-07-11 14:00:00,CB06.03.056,54.0
2023-07-11 14:30:00,CB06.03.056,53.0
2023-07-11 15:00:00,CB06.03.056,54.0
2023-07-11 15:30:00,CB06.03.056,53.0
2023-07-11 16:00:00,CB06.03.056,0.0
2023-07-11 16:30:00,CB06.03.056,0.0
2023-07-12 08:00:00,CB06.03.056,0.0
2023-07-12 08:30:00,CB06.03.056,7.0
2023-07-12 09:00:00,CB06.03.056,50.0
2023-07-12 09:30:00,CB06.03.056,55.0
2023-07-12 10:00:00,CB06.03.056,54.0
2023-07-12 10:30:00,CB06.03.056,53.0
2023-07-12 11:00:00,CB06.03.056,0.0
2023-07-12 11:30:00,CB06.03.056,50.0
2023-07-12 12:00:00,CB06.03.056,51.0
2023-07-12 12:30:00,CB06.03.056,51.0
2023-07-12 13:00:00,CB06.03.056,49.0
2023-07-12 13:30:00,CB06.03.056,0.0
2023-07-12 14:00:00,CB06.03.056,0.0
2023-07-12 14:30:00,CB06.03.056,0.0
2023-07-12 15:00:00,CB06.03.056,0.0
2023-07-12 15:30:00,CB06.03.056,0.0
2023-07-12 16:00:00,CB06.03.056,0.0
2023-07-12 16:30:00,CB06.03.056,0.0
2023-07-18 08:00:00,CB06.03.056,0.0
2023-07-18 08:30:00,CB06.03.056,0.0
2023-07-18 09:00:00,CB06.03.056,0.0
2023-07-18 09:30:00,CB06.03.056,0.0
2023-07-18 10:00:00,CB06.03.056,0.0
2023-07-18 10:30:00,CB06.03.056,0.0
2023-07-18 11:00:00,CB06.03.056,0.0
2023-07-18 11:30:00,CB06.03.056,0.0
2023-07-18 12:00:00,CB06.03.056,0.0
2023-07-18 12:30:00,CB06.03.056,0.0
2023-07-18 13:00:00,CB06.03.056,0.0
2023-07-19 08:00:00,CB06.03.056,0.0
2023-07-19 08:30:00,CB06.03.056,0.0
2023-07-19 09:00:00,CB06.03.056,0.0
2023-07-19 09:30:00,CB06.03.056,0.0
2023-07-19 10:00:00,CB06.03.056,0.0
2023-07-19 10:30:00,CB06.03.056,0.0
2023-07-19 11:00:00,CB06.03.056,0.0
2023-07-19 11:30:00,CB06.03.056,0.0
2023-07-19 12:00:00,CB06.03.056,0.0
2023-07-19 12:30:00,CB06.03.056,0.0
2023-07-19 13:00:00,CB06.03.056,0.0
2023-07-20 08:00:00,CB06.03.056,0.0
2023-07-20 08:30:00,CB06.03.056,0.0
2023-07-20 09:00:00,CB06.03.056,0.0
2023-07-20 09:30:00,CB06.03.056,0.0
2023-07-20 10:00:00,CB06.03.056,0.0
2023-07-20 10:30:00,CB06.03.056,0.0
2023-07-20 11:00:00,CB06.03.056,0.0
2023-07-20 11:30:00,CB06.03.056,0.0
2023-07-20 12:00:00,CB06.03.056,0.0
2023-07-20 12:30:00,CB06.03.056,0.0
2023-07-20 13:00:00,CB06.03.056,0.0
2023-07-25 13:00:00,CB06.03.056,0.0
2023-07-25 13:30:00,CB06.03.056,25.0
2023-07-25 14:00:00,CB06.03.056,21.0
2023-07-25 14:30:00,CB06.03.056,21.0
2023-07-25 15:00:00,CB06.03.056,18.0
2023-07-25 15:30:00,CB06.03.056,5.0
